ListsSubsets;"Full Name";"Cell Count"
"s L Проект ЦФО Активные проекты";"'L Проект ЦФО'.'s L Проект ЦФО Активные проекты'";12
"S Версии/План";"'L Версии'.'S Версии/План'";1
"S Версии/ПланВвод";"'L Версии'.'S Версии/ПланВвод'";1
"S Версии/Архив";"'L Версии'.'S Версии/Архив'";1
"S Версии/Новый расчет";"'L Версии'.'S Версии/Новый расчет'";1
"s Факт";"'L Версии'.'s Факт'";1
"s Все версии";"'L Версии'.'s Все версии'";2
"s test";"'L Версии'.'s test'";2
"s ЦФО Активные МВЗ из ТД";"'L2 ЦФО'.'s ЦФО Активные МВЗ из ТД'";78
"s ЦФО доходное Мультикарта";"'L2 ЦФО'.'s ЦФО доходное Мультикарта'";6
"s ЦФО Мультикарта";"'L2 ЦФО'.'s ЦФО Мультикарта'";10
"s ЦФО Мультикарта для распределения";"'L2 ЦФО'.'s ЦФО Мультикарта для распределения'";21
"s МВЗ Капитализация";"'L2 ЦФО'.'s МВЗ Капитализация'";8
"s МВЗ для ставки";"'L2 ЦФО'.'s МВЗ для ставки'";42
"s Планирование";"'L BE'.'s Планирование'";7
"s БЕ Т1И";"'L BE'.'s БЕ Т1И'";11
"s БЕ ЦСП";"'L BE'.'s БЕ ЦСП'";11
"s БЕ HR";"'L BE'.'s БЕ HR'";10
"s БЕ CRM";"'L BE'.'s БЕ CRM'";10
"s БЕ LAM";"'L BE'.'s БЕ LAM'";13
"s.БЕ РМ";"'L BE'.'s.БЕ РМ'";1
"s.БЕ Мультикарта";"'L BE'.'s.БЕ Мультикарта'";1
"s БЕ Капитализация";"'L BE'.'s БЕ Капитализация'";10
"s БЕ Клауд";"'L BE'.'s БЕ Клауд'";1
"s.БЕ КОД";"'L BE'.'s.БЕ КОД'";1
"s.БЕ отдельный факт для ребюджета";"'L BE'.'s.БЕ отдельный факт для ребюджета'";3
"sL Домены Используемые";"'L Домены'.'sL Домены Используемые'";5
"sL БЕ-Домен";"'L БЕ-Домен'.'sL БЕ-Домен'";4
"s. БЕ Ассоциаты";"'L БЕ-Домен'.'s. БЕ Ассоциаты'";4
"s Сделки Активные";"'L Сделки'.'s Сделки Активные'";4650
"s Сделки Активные LAM";"'L Сделки'.'s Сделки Активные LAM'";4681
"s Сделки несколько ЦК";"'L Сделки'.'s Сделки несколько ЦК'";502
"s Сделки Extra-Gap";"'L Сделки'.'s Сделки Extra-Gap'";1
"s.Активные сделки custom";"'L Сделки Custom'.'s.Активные сделки custom'";5517
"s.Активные сделки custom LAM";"'L Сделки Custom'.'s.Активные сделки custom LAM'";5549
"s Контрагент (для передачи) Планирование БК и ЦК";"'L Контрагент (для передачи)'.'s Контрагент (для передачи) Планирование БК и ЦК'";6
"s Требуется указание БЕ и Домена?";"'L Контрагенты 1СУХ'.'s Требуется указание БЕ и Домена?'";48
"sL Контрагенты 1СУХ ВГО";"'L Контрагенты 1СУХ'.'sL Контрагенты 1СУХ ВГО'";67
"s Показатель ExGap";"'L Показатель'.'s Показатель ExGap'";2
"s.Сlient flag";"'L Клиент'.'s.Сlient flag'";78
"s.Сlient";"'L Клиент_LAM'.'s.Сlient'";168
"s Все LAM без total";"'L LАМ'.'s Все LAM без total'";43
"s Направления Агрегированный PL";"'L Направления'.'s Направления Агрегированный PL'";5
"s Направления ЦСП";"'L Направления'.'s Направления ЦСП'";0
"s Направления планирования";"'L Направления'.'s Направления планирования'";6
"s Направления планирования кроме прочих";"'L Направления'.'s Направления планирования кроме прочих'";5
"s Направления планирования ЗК1";"'L Направления'.'s Направления планирования ЗК1'";2
"s Направления планирования ВГО";"'L Направления'.'s Направления планирования ВГО'";7
"s Направление LAM";"'L Направления'.'s Направление LAM'";5
"s Направления кроме прочих";"'L Направления'.'s Направления кроме прочих'";13
"s CF Статьи CF";"'L CF'.'s CF Статьи CF'";252
"s Статьи CF";"'L CF И'.'s Статьи CF'";0
"s БизКат Активные";"'L БизКат'.'s БизКат Активные'";55
"s.Показатели планирования корректировки";"'L Показатели планирования'.'s.Показатели планирования корректировки'";3
"s ЦК общ";"'L ЦК'.'s ЦК общ'";1
"s ЦК без общ";"'L ЦК'.'s ЦК без общ'";13
"s ЦК все без общ";"'L ЦК'.'s ЦК все без общ'";31
"s ЦК все f1";"'L ЦК'.'s ЦК все f1'";76
"s ЦК Суб и ФОТ";"'L ЦК'.'s ЦК Суб и ФОТ'";2
"s ЦК ДЗИЛ box-moving";"'L ЦК'.'s ЦК ДЗИЛ box-moving'";1
"ЦК упрощ";"'L ЦК'.'ЦК упрощ'";7
"s ЦК ВГО";"'L ЦК'.'s ЦК ВГО'";1
"s. План расходов ТД (ЦК, субподряд, ДЗИЛ)";"'L ЦК'.'s. План расходов ТД (ЦК, субподряд, ДЗИЛ)'";52
"s PL (11)";"'L PL (ЕКДР)'.'s PL (11)'";0
"s PL (15)";"'L PL (ЕКДР)'.'s PL (15)'";0
"s PL до GM1";"'L PL (ЕКДР)'.'s PL до GM1'";139
"s PL после GM1";"'L PL (ЕКДР)'.'s PL после GM1'";253
"PL до GM1";"'L PL конс'.'PL до GM1'";87
"s PL 11 HR";"'L PL конс'.'s PL 11 HR'";13
"s PL весь HR";"'L PL конс'.'s PL весь HR'";56
"s PL Амортизация 35";"'L PL конс'.'s PL Амортизация 35'";4
"s PL Капитализация";"'L PL конс'.'s PL Капитализация'";14
"s Виды начислений основные";"'L Виды начислений'.'s Виды начислений основные'";5
"sL Виды начислений с ДМС";"'L Виды начислений'.'sL Виды начислений с ДМС'";5
"sL Виды начислений Аллокация";"'L Виды начислений'.'sL Виды начислений Аллокация'";6
"АХО";"'L1 ЦСП'.'АХО'";2
"не АХО";"'L1 ЦСП'.'не АХО'";16
"s Среднегодовая стоимость";"'L Active'.'s Среднегодовая стоимость'";7
"s Кадастровая стоимость";"'L Active'.'s Кадастровая стоимость'";5
"s Блоки PL 11";"'L Блоки PL'.'s Блоки PL 11'";1
"s List Scripts по БЕ";"'List Scripts'.'s List Scripts по БЕ'";109
"s List Scripts по ЦФО";"'List Scripts'.'s List Scripts по ЦФО'";2
"s Свод по выручке";"'List Scripts'.'s Свод по выручке'";4
"s Сводный план ТД";"'List Scripts'.'s Сводный план ТД'";3
"s Согласование Клауд";"'List Scripts'.'s Согласование Клауд'";5
"sL Проект 1С УХ_id";"'L Проект 1С УХ'.'sL Проект 1С УХ_id'";22107
"sL Проект 1С УХ Итого по договору";"'L Проект 1С УХ'.'sL Проект 1С УХ Итого по договору'";1
"s ЕКДР 11 и 16 пресеил";"'L ЕКДР'.'s ЕКДР 11 и 16 пресеил'";119
"s L Договоры M10.03/04";"'L Договоры_Биллинг (МК)'.'s L Договоры M10.03/04'";1
"s L Договоры M10.06";"'L Договоры_Биллинг (МК)'.'s L Договоры M10.06'";1
"s L Договоры-проекты M10.03/04";"'L Договоры 1С:УХ (Клауд_С поставщиками)'.'s L Договоры-проекты M10.03/04'";1
"s L Договоры-проекты M10.06";"'L Договоры 1С:УХ (Клауд_С поставщиками)'.'s L Договоры-проекты M10.06'";1
"s NUM импорт CRM NEW";"'NUM'.'s NUM импорт CRM NEW'";231150
"s NUM импорт CRM";"'NUM'.'s NUM импорт CRM'";36566
"s NUM импорт 1C UH";"'NUM'.'s NUM импорт 1C UH'";49747
"s NUM шаблон ДДС";"'NUM'.'s NUM шаблон ДДС'";60
"s NUM План расходов ТД";"'NUM'.'s NUM План расходов ТД'";11000
"s NUM 10";"'NUM'.'s NUM 10'";13
"s NUM ЦК ТД";"'NUM'.'s NUM ЦК ТД'";11
"s NUM Воронка";"'NUM'.'s NUM Воронка'";3571
"s NUM CF Факт";"'NUM'.'s NUM CF Факт'";7016
"s NUM PL Факт";"'NUM'.'s NUM PL Факт'";59429
"s NUM PL Архив";"'NUM'.'s NUM PL Архив'";148065
"s NUM CF Архив";"'NUM'.'s NUM CF Архив'";74108
"s NUM PL расчет";"'NUM'.'s NUM PL расчет'";499600
"s NUM CF расчет";"'NUM'.'s NUM CF расчет'";90637
"s NUM PL data check";"'NUM'.'s NUM PL data check'";500
"s NUM CF data check";"'NUM'.'s NUM CF data check'";500
"s NUM Капитализация";"'NUM'.'s NUM Капитализация'";3751
"s NUM Капитализация МСФО";"'NUM'.'s NUM Капитализация МСФО'";10
"s NUM объекты копирования версий";"'NUM'.'s NUM объекты копирования версий'";10
"s NUM HR PL";"'NUM'.'s NUM HR PL'";62150
"s NUM HR CF";"'NUM'.'s NUM HR CF'";63350
"s NUM Загрузка справочников";"'NUM'.'s NUM Загрузка справочников'";40
"s NUM Месяцы";"'NUM'.'s NUM Месяцы'";229
"s NUM CSP";"'NUM'.'s NUM CSP'";1916
"s NUM CSP manual";"'NUM'.'s NUM CSP manual'";7000
"s NUM CSP manual ЦФО";"'NUM'.'s NUM CSP manual ЦФО'";250
"s NUM capex проекты";"'NUM'.'s NUM capex проекты'";80
"s NUM форма opex";"'NUM'.'s NUM форма opex'";209
"ЦСП PL";"'NUM'.'ЦСП PL'";107
"ЦСП CF";"'NUM'.'ЦСП CF'";107
"Ручная загрузка плана/ExGap";"'NUM'.'Ручная загрузка плана/ExGap'";225
"Ручная загрузкаExGap";"'NUM'.'Ручная загрузкаExGap'";229
"s NUM Scripts Logging";"'NUM'.'s NUM Scripts Logging'";41
"s NUM Импорт Старый контур";"'NUM'.'s NUM Импорт Старый контур'";1200
"s NUM Аллокация HR и ТД";"'NUM'.'s NUM Аллокация HR и ТД'";399600
"s NUM ExtraGap";"'NUM'.'s NUM ExtraGap'";370
"s.NUM Импорт целей LAM";"'NUM'.'s.NUM Импорт целей LAM'";360
"s.NUM список LAM и KeyClient";"'NUM'.'s.NUM список LAM и KeyClient'";10000
"s NUM Пустой";"'NUM'.'s NUM Пустой'";0
"s.NUM IMPORT vCPU new";"'NUM'.'s.NUM IMPORT vCPU new'";25000
"s. NUM Мультикарта";"'NUM'.'s. NUM Мультикарта'";15000
"s NUM Тарифы";"'NUM'.'s NUM Тарифы'";7500
"s NUM Мэппинг для определения БК";"'NUM'.'s NUM Мэппинг для определения БК'";80
"s NUM Контрагенты 1С УХ";"'NUM'.'s NUM Контрагенты 1С УХ'";51311
"s NUM Факт по капитализации";"'NUM'.'s NUM Факт по капитализации'";5850
"s NUM M10.03/04";"'NUM'.'s NUM M10.03/04'";7
"sЕсть импорт ЦСП (кор)";"'NUM разбиение данных'.'sЕсть импорт ЦСП (кор)'";1
"s L2 ЮЛ Т1И";"'L2 ЮЛ'.'s L2 ЮЛ Т1И'";32
"s L2 ЮЛ амортизация 35 блок";"'L2 ЮЛ'.'s L2 ЮЛ амортизация 35 блок'";13
"s L2 ЮЛ Спецпроекты";"'L2 ЮЛ'.'s L2 ЮЛ Спецпроекты'";2
"s L2 ЮЛ оба домена";"'L2 ЮЛ'.'s L2 ЮЛ оба домена'";28
"s L2 ЮЛ для налогов";"'L2 ЮЛ'.'s L2 ЮЛ для налогов'";2
"s Коммерческие проекты";"'L Типы проектов'.'s Коммерческие проекты'";55
"s MAP статей выручки и себест по БК (БЕ Сервионика)";"'L Продукты'.'s MAP статей выручки и себест по БК (БЕ Сервионика)'";10
"s.PL";"'L Источники данных tech'.'s.PL'";25
"s.CF";"'L Источники данных tech'.'s.CF'";17
"s. Источники данных Актуальные";"'L Источники данных tech'.'s. Источники данных Актуальные'";33
"sL Направление Банка";"'L Проекты Мультикарты'.'sL Направление Банка'";8
"s НМА Капитализация";"'L НМА'.'s НМА Капитализация'";89