;Code;Folder;Comments;"User Lists";"Time Scale";Versions;"Cube Subset";"Clean Cells";"Multicube Type";"Cell Count";"Size (GB)";Id;"Dev Complete"
"Импорт факта УК PL";;;"'s NUM PL F1'";"'s NUM PL Факт'";"MS Факт";;;;"Custom Multicube";74880540;0.22116888687015;102000000139;false
"Импорт факта УК CF";;;;"'s NUM CF Факт'";"MS Факт";;;;"Custom Multicube";6945840;0.026580959558487;102000000140;false
"M02.01.01 Импорт факта по капитализации";;;МН;"'s NUM Факт по капитализации'";"MS Факт";;;;"Custom Multicube";2737800;0.0062763690948486;102000000903;false
"M02.01.02 Импорт факта (ручной)";;;МН;"'s.БЕ отдельный факт для ребюджета', 's NUM PL расчет'";;;;;"Custom Multicube";107913600;0.18704608082771;102000000920;false
"< - - - 02.02 Импорт прогноза- - - >";;;;;;;;;"Custom Multicube";0;0;102000000746;false
"M02.02.01 IMPORT CRM все направления, кроме ВГО, Тех. слой";;"02 Импорты";АМ;"'s БЕ CRM', 's NUM импорт CRM NEW', 'S Версии/Новый расчет'";;;;;"Custom Multicube";224215500;0.49943849444389;102000000740;false
"M02.02.02 IMPORT CRM все направления, кроме ВГО, ручной слой";;"02 Импорты";АП;"'s БЕ CRM', 's NUM импорт CRM NEW', 'S Версии/Новый расчет'";;;;;"Custom Multicube";453054000;1.838450320065;102000000713;false
"M02.02.03 IMPORT CRM ВГО Тех. слой";;"02 Импорты";АМ;"'s БЕ CRM', 's NUM импорт CRM', 'S Версии/Новый расчет'";;;;;"Custom Multicube";35469020;0.089904516935349;102000000741;false
"M02.02.04 IMPORT CRM ВГО ручной слой";;"02 Импорты";АМ;"'s БЕ CRM', 's NUM импорт CRM', 'S Версии/Новый расчет'";;;;;"Custom Multicube";71303700;0.30581157654524;102000000735;false
"M02.02.05 IMPORT 1С:УХ Тех. слой";;"02 Импорты";АМ;"'s БЕ CRM', 's NUM импорт 1C UH', 'S Версии/Новый расчет'";;;;;"Custom Multicube";19898800;0.048183724284172;102000000742;false
"M02.02.06 IMPORT 1С:УХ ручной слой";;"02 Импорты";АП;"'s БЕ CRM', 's NUM импорт 1C UH', 'S Версии/Новый расчет'";;;;;"Custom Multicube";55716640;0.24833150207996;102000000712;false
"xx M02.02.07 IMPORT План расходов ТД CRM и EG";;"02 Импорты";"АП - заполняется руками (по аналогии План ТД) ДС удаляем. План ТД руками не вносим.";"'s БЕ CRM', 's NUM План расходов ТД', 'S Версии/Новый расчет'";;;;;"Custom Multicube";15510000;0.081751495599747;102000000710;false
"M02.02.08 Ручной ввод Расходы и Доходы";;"02 Импорты";МН;"'s БЕ Т1И', 's NUM CSP manual', 'S Версии/План'";;;;;"Custom Multicube";6083000;0.037290155887604;102000000737;false
"M02.02.09 Ручной ввод Расходы по ЦФО OPEX";;"02 Импорты";МН;"'s NUM CSP manual ЦФО', 'S Версии/План', 'L2 ЦФО'";;;;;"Custom Multicube";19851000;0.12088101357222;102000000738;false
"M02.02.10 Ручной ввод Extra Gap";;"02 Импорты";АП;"'s БЕ CRM', 's NUM ExtraGap', 'S Версии/Новый расчет'";;;;;"Custom Multicube";270100;0.0015506520867348;102000000739;false
"M02.02.11 IMPORT План расходов ТД CRM и EG";;"02 Импорты";"АП - заполняется из свода по выручке по выбранной вручную сделке, но суммы и тип дохода/расхода вручную. Сделка которой нет в выручке и в EG сюда не тянется.";"'s БЕ CRM', 's NUM План расходов ТД', 'S Версии/Новый расчет'";;;;;"Custom Multicube";14410000;0.084415078163147;102000000749;false
"M02.02.11b IMPORT План расходов ТД CRM и EG (выборка)";;"02 Импорты";ГВ;"'s БЕ CRM', 's NUM План расходов ТД', 'S Версии/Новый расчет'";;;"cs M02.02.11 План ТД CRM и EG";;"Custom Multicube";2640000;0.019669532775879;102000000804;false
"M02.02.11c IMPORT План расходов ТД CRM и EG (на месяцах)";;"02 Импорты";ГВ;"'s БЕ CRM', 's NUM План расходов ТД', 'S Версии/Новый расчет'";"MS План";;;;"Custom Multicube";106920000;0.56426972150803;102000000805;false
"M02.02.12 Настройки для расчета расходов на неутилизированный персонал";;"02 Импорты";АП;"'s БЕ CRM', 's NUM Загрузка справочников', 'S Версии/Новый расчет'";;;;;"Custom Multicube";11200;8.0466270446777E-5;102000000751;false
"M02.02.13 Распределение МВЗ, относящихся к блоку 11 по обязательным аналитикам";;"02 Импорты";АП;"'s БЕ CRM', 'S Версии/Новый расчет', 'NUM Распределение МВЗ'";;;;;"Custom Multicube";35000;0.00026077032089233;102000000752;false
"M02.02.14 IMPORT План расходов ТД 1С:УХ";;"02 Импорты";"АП - заполняется из свода по выручке из 1С УХ по статьям расходов, кроме АХО статей (см ТЗ)";"'s БЕ CRM', 's NUM План расходов ТД', 'S Версии/Новый расчет'";;;;;"Custom Multicube";12650000;0.079907476902008;102000000753;false
"M02.02.14b IMPORT План расходов ТД 1С:УХ (выборка)";;"02 Импорты";ГВ;"'s БЕ CRM', 's NUM План расходов ТД', 'S Версии/Новый расчет'";;;"cs M02.02.14 План ТД 1С:УХ";;"Custom Multicube";2640000;0.019669532775879;102000000811;false
"M02.02.14c IMPORT План расходов ТД 1С:УХ (на месяцах)";;"02 Импорты";ГВ;"'s БЕ CRM', 's NUM План расходов ТД', 'S Версии/Новый расчет'";"MS План";;;;"Custom Multicube";57420000;0.34667551517487;102000000812;false
"M02.02.15 Расчет ФОТ по сделкам CRM";;"02 Импорты";"АП - автоматический для КОДа";"'s БЕ CRM', 'S Версии/Новый расчет', 's.Активные сделки custom'";;;;;"Custom Multicube";4523940;0.028259586542845;102000000754;false
"M02.02.15b Расчет ФОТ по сделкам CRM (выборка)";;"02 Импорты";;"'s БЕ CRM', 'S Версии/Новый расчет', 's.Активные сделки custom'";;;"cs M02.02.15 Расчет ФОТ по сделкам CRM";;"Custom Multicube";662040;0.0049325823783875;102000000874;false
"M02.02.15c Расчет ФОТ по сделкам CRM (на месяцах)";;"02 Импорты";;"'s БЕ CRM', 'S Версии/Новый расчет', 's.Активные сделки custom'";"MS План";;;;"Custom Multicube";1986120;0.014797747135162;102000000875;false
"M02.02.16 IMPORT CRM, общий слой";;"02 Импорты";МН;"'s БЕ CRM', 's NUM импорт CRM NEW', 'S Версии/Новый расчет'";;;;;"Custom Multicube";295872000;0.6458256393671;102000000776;false
"M02.02.17 IMPORT КАМ из HR";;"02 Импорты";МН;"'s NUM импорт CRM'";;;;;"Custom Multicube";548490;0.00027243793010712;102000000774;false
"M02.02.17 IMPORT STAGE КАМ";;"02 Импорты";;"'L КАМ'";;;;;"Custom Multicube";1902;4.7236680984497E-6;102000000786;false
"M02.02.19 IMPORT vCPU new";;"02 Импорты";"МА для Ресурсной модели";"'s.NUM IMPORT vCPU new', 'S Версии/План'";;;;;"Custom Multicube";625000;0.001862645149231;102000000790;false
"TCH матрица для ошибки аллокации HR поиск ЮЛ";;"02 Импорты";АП;"'s БЕ HR', 's NUM HR PL', 'S Версии/План', 'L2 ЮЛ'";;;;;"Custom Multicube";93225000;0.43411273509264;102000000759;false
"TCH матрица для ошибки аллокации HR поиск МВЗ";;"02 Импорты";АП;"'s БЕ HR', 's NUM HR PL', 'S Версии/План', 's ЦФО Активные МВЗ из ТД'";;;;;"Custom Multicube";96954000;0.45147724449635;102000000760;false
"< - - - 02.03 Импорт справочников через МК - - - >";;;;;;;;;"Custom Multicube";0;0;102000000747;false
"M02.03.01 IMPORT STAGE Контрагенты 1С УХ";;"02 Импорты";МН;"'s NUM Контрагенты 1С УХ', 'S Версии/План'";;;;;"Custom Multicube";564421;0.00076459348201752;102000000901;false
"< - - - 02.04 Импорт данных Мультикарты - - - >";;"02 Импорты";;;;;;;"Custom Multicube";0;0;102000000856;false
"M02.04.01 Импорт выручки из Биллинга, технический слой";;"02 Импорты";АК;"'s.БЕ Мультикарта', 's. NUM Мультикарта', 'S Версии/План'";;;;;"Custom Multicube";405000;0.0012293457984924;102000000779;false
"M02.04.02 Импорт выручки из Биллинга, ручной слой";;"02 Импорты";АК;"'s.БЕ Мультикарта', 's. NUM Мультикарта', 'S Версии/План'";;;;;"Custom Multicube";1110000;0.0055041164159775;102000000778;false
"< - - - 03.01 Калькуляция/Расчеты/Трансформация- - - >";;;;;;;;;"Custom Multicube";0;0;102000000744;false
"M03.01.01 Свод по выручке";;"03 Расчеты";АП;"'s БЕ CRM', 's Все версии', 's.Активные сделки custom'";;;;;"Custom Multicube";13240800;0.073577687144279;102000000714;false
"M03.01.01b Свод по выручке (выборка)";;"03 Расчеты";ГВ;"'s БЕ CRM', 's Все версии', 's.Активные сделки custom'";;;"cs M03.01.01 Свод по выручке";;"Custom Multicube";3972240;0.029595494270325;102000000800;false
"M03.01.01c Свод по выручке (на месяцах)";;"03 Расчеты";ГВ;"'s БЕ CRM', 's Все версии', 's.Активные сделки custom'";"MS План";;;;"Custom Multicube";81430920;0.44023297727108;102000000801;false
"M03.01.02 Воронка CRM и EG без 1С:УХ";;"03 Расчеты";"АП - отчет для Акимова без 1СУХ (по аналогии с Воронка)";"'s БЕ CRM', 's Все версии', 's.Активные сделки custom'";;;;;"Custom Multicube";5406660;0.027129203081131;102000000756;false
"M03.01.03 Сводный план Технической Дирекции";;"03 Расчеты";"АП - CRM +EG+1СУХ+CRM ФОТ";"'s БЕ CRM', 's Все версии', 's.Активные сделки custom'";;;;;"Custom Multicube";7172100;0.042132474482059;102000000757;false
"M03.01.03c Сводный план Технической Дирекции (на месяцах)";;"03 Расчеты";;"'s БЕ CRM', 's Все версии', 's.Активные сделки custom'";"MS План";;;;"Custom Multicube";91361520;0.68069636821747;102000000906;false
"M03.01.03b Сводный план Технической Дирекции (выборка)";;"03 Расчеты";;"'s БЕ CRM', 's Все версии', 's.Активные сделки custom'";;;"cs M03.01.03 Сводный план Технической Дирекции";;"Custom Multicube";1324080;0.0098651647567749;102000000905;false
"M03.01.04 Агрегированный P&L";;"03 Расчеты";;"'s БЕ CRM', 'L Показатели планирования', 'S Версии/План', 's Направления Агрегированный PL'";"MS План";;;;"Custom Multicube";43200;0.00032186508178711;102000000750;false
"M03.01.05 Ручной ввод Расходы и Доходы (расчет)";;"03 Расчеты";МН;"'s БЕ Т1И', 's NUM CSP manual', 'S Версии/План'";"MS План";;;;"Custom Multicube";72072000;0.3252848982811;102000000317;false
"M03.01.06 Ручной ввод Расходы по ЦФО OPEX (расчет)";;"03 Расчеты";МН;"'s NUM CSP manual ЦФО', 'S Версии/План', 'L2 ЦФО'";"MS План";;;;"Custom Multicube";265698000;1.1604577302933;102000000443;false
"M03.01.07 Ввод Тарифов";;"03 Расчеты";"МА для Ресурсной модели";"'s.БЕ РМ', 'S Версии/План', 'L Ресурс'";;;;;"Custom Multicube";65;4.4703483581543E-7;102000000781;false
"M03.01.08 График платежей по закупкам";;"03 Расчеты";"МА для Ресурсной модели";"'s.БЕ РМ', 'S Версии/План', 'L Платежи по закупкам'";;;;;"Custom Multicube";18;1.1175870895386E-7;102000000782;false
"M03.01.09 Количество ресурсов";;"03 Расчеты";"МА для Ресурсной модели";"'s.БЕ РМ', 'S Версии/План', 'L Ресурс'";"MS План";;;;"Custom Multicube";2430;1.709908246994E-5;102000000785;false
"M03.01.09b Количество ресурсов_Quarters";;"03 Расчеты";"МА для Ресурсной модели";"'s.БЕ РМ', 's Все версии', 'L Ресурс'";"QS План";;;;"Custom Multicube";220;8.1956386566162E-7;102000000820;false
"M03.01.10 Расчет НСС";;"03 Расчеты";МН;"'s БЕ CRM', 'S Версии/План', 's.Активные сделки custom'";;;;;"Custom Multicube";275850;0.0017469562590122;102000000815;false
"M03.01.11 Расчет НСС помесячно";;"03 Расчеты";МН;"'s БЕ CRM', 'S Версии/План', 's.Активные сделки custom'";"MS План";;;;"Custom Multicube";2979180;0.022196620702744;102000000816;false
"M03.01.12 Распределение выручки и себестоимости по МВЗ (на месяцах)";;"03 Расчеты";МН;"'S Версии/План', 's ЦФО Активные МВЗ из ТД', 's.Активные сделки custom'";"MS План";;;;"Custom Multicube";426022740;2.2218817323446;102000000807;false
"M03.01.13 Распределение выручки и себестоимости по МВЗ";;"03 Расчеты";МН;"'s БЕ CRM', 'S Версии/План', 's ЦФО Активные МВЗ из ТД', 's.Активные сделки custom'";;;;;"Custom Multicube";34426080;0.25649428367615;102000000818;false
"M03.01.14 Ресурсная модель_Тех МК";;"03 Расчеты";"МА для Ресурсной модели";"'S Версии/План'";;;;;"Custom Multicube";8;7.4505805969238E-8;102000000830;false
"M03.01.15 MC. Перераспределение расходов по ЦФО OPEX";;"03 Расчеты";АК;"'s NUM CSP manual ЦФО', 'S Версии/План', 's ЦФО Мультикарта для распределения'";;;;;"Custom Multicube";372750;0.0023175962269306;102000000835;false
"M03.01.15 MC. Перераспределение расходов по ЦФО OPEX test";;"03 Расчеты";"АК: не удалять!";"'s NUM CSP manual ЦФО', 'S Версии/План', 's ЦФО Мультикарта для распределения'";;;;;"Custom Multicube";288750;0.0019166618585587;102000000927;false
"M03.01.15b MC. Перераспределение расходов по ЦФО OPEX";;"03 Расчеты";"АК. Для детализации";"'s NUM CSP manual ЦФО', 'S Версии/План', 's ЦФО Мультикарта для распределения'";"MS План";;;;"Custom Multicube";2646000;0.016369856894016;102000000863;false
"M03.01.16 PL v1 МВЗ (выборка)";;"03 Расчеты";МН;"'s Все версии', 'L2 ЦФО'";"MS План";;"cs PL v1 ЦК";;"Custom Multicube";1062792;0.0079184174537659;102000000377;false
"M03.01.17 PL v1 МВЗ";;"03 Расчеты";МН;"'s Все версии', 'L2 ЦФО'";"MS План";;;;"Custom Multicube";1282680;0.0095567107200623;102000000376;false
"Тест БК";;"03 Расчеты";;"'L БизКат'";;;;;"Custom Multicube";82;6.1094760894775E-7;102000000823;false
"< - - - 03.02 Расчет плановых показателей Мультикарты- - - >";;;;;;;;;"Custom Multicube";0;0;102000000865;false
"M03.02.01 Расчет планового объема операций";;"03 Расчеты";АК;"'L Этапы договоров'";"MS План";;;;"Custom Multicube";170604;0.0012710988521576;102000000849;false
"M03.02.02 Расчет тарифа для плана";;"03 Расчеты";АК;"'L Тарифы'";"MS План";;;;"Custom Multicube";598032;0.0044556856155396;102000000850;false
"M03.02.03a Планируемый объем выручки. Аналитики";;"03 Расчеты";АК;"'S Версии/План', 'L Этапы договоров'";;;;;"Custom Multicube";35204;0.0002017617225647;102000000917;false
"M03.02.03b Планируемый объем выручки. Показатели";;"03 Расчеты";АК;"'L Этапы договоров'";"MS План";;;;"Custom Multicube";316836;0.0020428374409676;102000000853;false
"TECH Фильтр по договорам";;"03 Расчеты";АК;"'L Этапы договоров'";;;;;"Custom Multicube";1354;2.5220215320587E-6;102000000855;false
"M03.02.04 Перераспределение HR PL Мультикарты";;"03 Расчеты";АК;"'s NUM HR PL', 'S Версии/План', 's ЦФО Мультикарта для распределения'";;;;;"Custom Multicube";24797850;0.13856878504157;102000000871;false
"M03.02.05 Расходы Мультикарты по проектам и PL";;"03 Расчеты";АК;"'L PL конс', 'S Версии/План', 'L Проекты Мультикарты', 'L Драйвер распределения'";;;;;"Custom Multicube";22440;0.00016719102859497;102000000893;false
Пустой;;"03 Расчеты";АК;"'S Версии/План', 'L Этапы договоров'";"MS План";;;;"Custom Multicube";0;0;102000000918;false
"Multicube #1372";;"03 Расчеты";АК;;;;;;"Custom Multicube";0;0;102000000919;false
"< - - - 04.01 Консолидация - - - >";;;;;;;;;"Custom Multicube";0;0;102000000748;false
"< - - - 05.01 Выручка - - - >";;;;;;;;;"Custom Multicube";0;0;102000000721;false
"M05.01.01 REPORT Выручка по БК и сегментам";;"05 Отчеты";;"'L БизКат', 'Users1', 'L Направления'";"YS План";;;;"Custom Multicube";292740;0.0021810829639435;102000000466;false
"M05.01.02 REPORT Monthly PL BU, млн. руб.";;"05 Отчеты";;"'sL БЕ-Домен', '1d PL-Направление (Monthly)'";"MS План";;;;"Custom Multicube";421632;0.0030899047851562;102000000469;false
"M05.01.03 REPORT Monthly PL BU, млн. руб. (выборка)";;"05 Отчеты";;"'sL БЕ-Домен', '1d PL-Направление (Monthly)'";"MS План";;"CS Monthly report PL BU, млн. руб. new";;"Custom Multicube";290304;0.0021629333496094;102000000472;false
"M05.01.04 REPORT Monthly Комментарий";;"05 Отчеты";;;"MS План";;;;"Custom Multicube";108;0;102000000482;false
"M05.01.05 REPORT Monthly Долговой портфель";;"05 Отчеты";;"'L Долговой портфель'";;;;;"Custom Multicube";96;2.9802322387695E-7;102000000483;false
"< - - - 05.02 PL - - - >";;;;;;;;;"Custom Multicube";0;0;102000000722;false
"M05.02.01 REPORT PL по Доменам";;"05 Отчеты";;"'L PL конс', 's Все версии', 'sL Домены Используемые'";"MS План";;;;"Custom Multicube";4993920;0.032693445682526;102000000123;false
"M05.02.02 REPORT PL сравнение версий";;"05 Отчеты";;"'L BE', 'L PL конс', 'L Custom Months'";;;;;"Custom Multicube";471648;0.0035140514373779;102000000338;false
"M05.02.03 REPORT PL по направлениям";;"05 Отчеты";;"'s БЕ HR', 'L PL конс', 's Все версии', 's Направления планирования'";"MS План";;;;"Custom Multicube";24675840;0.1838493347168;102000000520;false
"M05.02.04 REPORT PL по МВЗ";;"05 Отчеты";;"'L PL конс', 's Все версии', 'L2 ЦФО'";"MS План";;;;"Custom Multicube";448571520;3.2307143211365;102000000283;false
"M05.02.05 REPORT PL по ЮЛ и БЕ";;"05 Отчеты";ДГ;"'s БЕ HR', 'L PL конс', 's Все версии', 's L2 ЮЛ оба домена'";"MS План";;;;"Custom Multicube";160392960;1.1950206756592;102000000578;false
"M05.02.06 REPORT PL общий (расчетные статьи)";;"05 Отчеты";;"'s Все версии', 'sL Домены Используемые'";"MS План";;;;"Custom Multicube";6300;4.693865776062E-5;102000000115;false
"M05.02.07 REPORT PL общий (выборка)";;"05 Отчеты";;"'s Все версии', 'sL Домены Используемые'";"MS План";;"cs PL общий (расчетные статьи)";;"Custom Multicube";5220;3.8892030715942E-5;102000000126;false
"M05.02.08 REPORT Детализация PL с версиями";;"05 Отчеты";;"'s БЕ Т1И', 's NUM PL расчет', 's Все версии'";;;;;"Custom Multicube";2714826400;6.3465386629105;102000000148;false
"M05.02.09 REPORT PL МСФО/РСБУ";;"05 Отчеты";Удалить?;"'L PL конс', 'S Версии/План', 's L2 ЮЛ оба домена'";"MS План";;;;"Custom Multicube";2878848;0.013022661209106;102000000490;false
"M05.02.10 REPORT PL МСФО/РСБУ по БЕ";;"05 Отчеты";ДГ;"'s БЕ CRM', 'L PL конс', 'S Версии/План', 's L2 ЮЛ оба домена'";"MS План";;;;"Custom Multicube";22619520;0.095754861831665;102000000577;false
"M05.02.11 REPORT PL по БЕ";;"05 Отчеты";;"'s БЕ HR', 'L PL конс', 's Все версии'";"MS План";;;;"Custom Multicube";10281600;0.06866991519928;102000000590;false
"M05.02.12 REPORT PL по БЕ и направлениям";;"05 Отчеты";;"'s БЕ HR', 'L PL конс', 's Все версии', 's Направления планирования'";"MS План";;;;"Custom Multicube";63452160;0.42515158653259;102000000690;false
"< - - - 05.03 CF - - - >";;;;;;;;;"Custom Multicube";0;0;102000000723;false
"M05.03.01 REPORT CF по Доменам";;"05 Отчеты";;"'s CF Статьи CF', 's Все версии', 'sL Домены Используемые'";"MS План";;;;"Custom Multicube";2630880;0.017404854297638;102000000142;false
"M05.03.02 REPORT CF сравнение версий";;"05 Отчеты";;"'L BE', 's CF Статьи CF', 'L Custom Months'";;;;;"Custom Multicube";291312;0.0021704435348511;102000000339;false
"M05.03.03 REPORT CF общий";;"05 Отчеты";;"'s Все версии', 'sL Домены Используемые'";"MS План";;;;"Custom Multicube";3420;2.5480985641479E-5;102000000141;false
"M05.03.04 REPORT CF общий (выборка)";;"05 Отчеты";;"'s Все версии', 'sL Домены Используемые'";"MS План";;"cs CF УК (расчетные статьи)";;"Custom Multicube";3420;2.5480985641479E-5;102000000143;false
"M05.03.05 REPORT Детализация CF с версиями";;"05 Отчеты";;"'s БЕ HR', 's NUM CF расчет', 's Все версии'";;;;;"Custom Multicube";279161960;0.64828634262085;102000000167;false
"M05.03.06 REPORT CF по БЕ";;"05 Отчеты";;"'s БЕ HR', 's CF Статьи CF', 's Все версии'";"MS План";;;;"Custom Multicube";5624640;0.037513375282288;102000000602;false
"< - - - 05.04 LAM - - - >";;;;;;;;;"Custom Multicube";0;0;102000000724;false
"M05.04.01 REPORT LAM_цель по клиентам";;"05 Отчеты";;"'S Версии/План', 'L LАМ', 's.Сlient'";"MS План";;;;"Custom Multicube";1300320;0.0077505111694336;102000000665;false
"< - - - 05.05 Отчеты Мультикарты - - - >";;;;;;;;;"Custom Multicube";0;0;102000000877;false
"M05.05.01 REPORT Выручка Мультикарта";;"05 Отчеты";АК;"'S Версии/План', 'L Проекты Мультикарты'";;;;;"Custom Multicube";77;5.7369470596313E-7;102000000878;false
"M05.05.02a REPORT Расходы Мультикарта. ФОТ";;"05 Отчеты";АК;"'S Версии/План', 'L Проекты Мультикарты'";;;;;"Custom Multicube";99;7.3760747909546E-7;102000000879;false
"M05.05.02b REPORT Расходы Мультикарта. Сервера";;"05 Отчеты";АК;"'S Версии/План', 'L Проекты Мультикарты'";;;;;"Custom Multicube";77;5.7369470596313E-7;102000000888;false
"M05.05.02c REPORT Расходы Мультикарта. Авторизации";;"05 Отчеты";АК;"'S Версии/План', 'L Проекты Мультикарты'";;;;;"Custom Multicube";77;5.7369470596313E-7;102000000889;false
"M05.05.02b REPORT Расходы Мультикарта. Проект";;"05 Отчеты";АК;"'S Версии/План', 'L Проекты Мультикарты'";;;;;"Custom Multicube";110;8.1956386566162E-7;102000000890;false
"M05.05.02b REPORT Расходы Мультикарта. Распределяемые";;"05 Отчеты";АК;"'S Версии/План', 'L Проекты Мультикарты'";;;;;"Custom Multicube";352;2.6226043701172E-6;102000000891;false
"< - - - 01.01 Глобальные настройки - - - >";;;;;;;;;"Custom Multicube";0;0;102000000717;false
Variables;;"01 Настройки";;;;;;;Variables;84;2.4586915969849E-7;102000000001;false
"< - - - 01.02 Настройки модели - - - >";;;;;;;;;"Custom Multicube";0;0;102000000718;false
"M01.02.01 Мэппинг скриптов";;"01 Настройки";;"'List Scripts', 'L DWH fields'";;;;;"Custom Multicube";188100;0.00058393925428391;102000000541;false
"M01.02.02 Распределение офисов по блокам PL";;"01 Настройки";;"'L Офисы', 'L Блоки PL'";;;;;"Custom Multicube";5088;2.8431415557861E-5;102000000288;false
"M01.02.03 Количество строк";;"01 Настройки";;;;;;;"Custom Multicube";74;5.3644180297852E-7;102000000071;false
"M01.02.04 Распределение ФОТ в себестоимости";;"01 Настройки";;"'s Планирование'";;;;;"Custom Multicube";28;2.0861625671387E-7;102000000105;false
"M01.02.05 Настройки модели";;"01 Настройки";;;;;;;"Custom Multicube";12;7.6368451118469E-8;102000000045;false
"M01.02.06 Настройки НДС";;"01 Настройки";;;;;;;"Custom Multicube";3;2.2351741790771E-8;102000000031;false
"M01.02.07 Days Control";;"01 Настройки";;;Days;;;;"Custom Multicube";33660;0.00010259449481964;102000000006;false
"M01.02.08 Days Version Control";;"01 Настройки";;"'S Версии/План'";Days;;;;"Custom Multicube";3060;5.6996941566467E-6;102000000322;false
"M01.02.09 Month Control";;"01 Настройки";;;Months;;;;"Custom Multicube";3795;1.9920989871025E-5;102000000005;false
"M01.02.10 Month Version Control";;"01 Настройки";;"'S Версии/План'";Months;;;;"Custom Multicube";1104;2.3134052753448E-6;102000000323;false
"M01.02.11 Quarters Control";;"01 Настройки";;;Quarters;;;;"Custom Multicube";294;1.7210841178894E-6;102000000216;false
"M01.02.12 Years Control";;"01 Настройки";;;Years;;;;"Custom Multicube";50;3.1664967536926E-7;102000000013;false
"M01.02.13 Настройка расчетных статей PL и CF";;"01 Настройки";;;;;;;"Custom Multicube";3;0;102000000125;false
"M01.02.14 Выбор параметров загрузки";;"01 Настройки";;;;;;;"Custom Multicube";38;5.4016709327698E-8;102000000171;false
"M01.02.15 Выбор ЮЛ для загрузки";;"01 Настройки";;"'L2 ЮЛ'";;;;;"Custom Multicube";300;2.7939677238464E-7;102000000504;false
"M01.02.16 Настройка отчета по БК и сегментам";;"01 Настройки";;'Users1';;;;;"Custom Multicube";51;3.7997961044312E-7;102000000467;false
"M01.02.17 Настройка налога на прибыль";;"01 Настройки";;"'L BE', 'S Версии/План'";;;;;"Custom Multicube";17;3.1664967536926E-8;102000000688;false
"M01.04.09 MAP Домен - ЦФО - ЮЛ";;"01 Настройки";;"'s Все версии', 'L2 ЦФО', 's L2 ЮЛ Т1И'";;;;;"Custom Multicube";65152;0.00048542022705078;102000000399;false
"M01.04.10 MAP Соответствие статей PL по разделам";;"01 Настройки";;"'L PL конс', 'L Блоки PL'";;;;;"Custom Multicube";6528;1.5199184417725E-5;102000000402;false
"M01.04.11 MAP Импорт Расходы ЦСП (корректировки)";;"01 Настройки";;"'S Версии/План'";;;"cs Импорт ЦСП (корректировки)";;"Custom Multicube";96;4.4703483581543E-7;102000000538;false
"M01.04.12 MAP PL конс - PL расчетные статьи";;"01 Настройки";;;;;"cs PL общий (расчетные статьи)";;"Custom Multicube";58;2.1606683731079E-7;102000000124;false
"M01.04.13 MAP PL конс - PL расчетные статьи (на версиях)";;"01 Настройки";ДГ;"'L Версии'";;;"cs PL общий (расчетные статьи)";;"Custom Multicube";754;2.8088688850403E-6;102000000579;false
"M01.04.14 MAP PL v1 (от статей ЮЛ)";;"01 Настройки";;"'L PL конс'";;;;;"Custom Multicube";1224;6.0796737670898E-6;102000000392;false
"M01.04.15 MAP PL v1 (от статей ЦК)";;"01 Настройки";;;;;"cs PL v1 ЦК";;"Custom Multicube";58;2.1606683731079E-7;102000000378;false
"M01.04.16 MAP CF - CF расчетные статьи";;"01 Настройки";;;;;"cs CF УК (расчетные статьи)";;"Custom Multicube";38;1.4156103134155E-7;102000000144;false
"M01.04.17 MAP CF - CF расчетные статьи";;"01 Настройки";;"'s CF Статьи CF'";;;;;"Custom Multicube";504;3.7550926208496E-6;102000000278;false
"M01.04.18 MAP CF - CF расчетные статьи (на БЕ)";;"01 Настройки";;"'s CF Статьи CF'";;;;;"Custom Multicube";252;1.8775463104248E-6;102000000669;false
"M01.04.19 MAP ЦФО - PL (Capex)";;"01 Настройки";;"'L PL конс', 'L2 ЦФО'";;;;;"Custom Multicube";415344;0.00077363848686218;102000000530;false
"x_M01.04.20 MAP Месяцы CF Opex Ручной ввод";;"01 Настройки";"старый МК";;"YS Используемые";;"s cs Месяцы CF Импорт Расходы по ЦФО OPEX ручной ввод";;"Custom Multicube";36;2.6822090148926E-7;102000000180;false
"x_M01.04.21 MAP Месяцы PL Opex Ручной ввод";;"01 Настройки";"старый МК";;"YS Используемые";;"s cs Месяцы PL Импорт Расходы по ЦФО OPEX ручной ввод";;"Custom Multicube";36;2.6822090148926E-7;102000000182;false
"M01.04.21 MAP Месяцы Ручной ввод Расходы и Доходы";;"01 Настройки";"МН новый МК (создал 11.03.2026)";"'S Версии/План'";;;"s cs M02.02.08 Ручной ввод Расходы и Доходы";;"Custom Multicube";96;3.129243850708E-7;102000000765;false
"M01.04.22 MAP Месяцы PL Opex Ручной ввод (субаренда)";;"01 Настройки";;;"YS Используемые";;"s cs Месяцы PL Импорт Расходы по ЦФО OPEX ручной ввод (субаренда)";;"Custom Multicube";36;2.6822090148926E-7;102000000335;false
"M01.04.23 MAP Месяцы PL Opex Ручной ввод (проекты)";;"01 Настройки";;;"YS Используемые";;"s cs Месяцы Импорт Расходы по ЦФО OPEX ручной ввод (Проекты)";;"Custom Multicube";288;9.387731552124E-7;102000000349;false
"M01.04.24 MAP Месяцы PL Opex Ручной ввод (проекты) только PL";;"01 Настройки";;;"YS Используемые";;"s cs Месяцы Импорт Расходы по ЦФО OPEX ручной ввод (Проекты) - только PL";;"Custom Multicube";144;4.693865776062E-7;102000000562;false
"x_M01.04.25 MAP Месяцы Opex Ручной ввод (ЦФО)";;"01 Настройки";"старый МК";;"YS Используемые";;"s cs Месяцы Импорт Расходы по ЦФО OPEX ручной ввод (ЦФО)";;"Custom Multicube";288;9.387731552124E-7;102000000449;false
"M01.04.25 MAP Месяцы Ручной ввод Расходы по ЦФО OPEX";;"01 Настройки";"МН новый МК (создал 11.03.2026)";"'S Версии/План'";;;"s cs M02.02.09 Ручной ввод Расходы по ЦФО OPEX";;"Custom Multicube";96;3.129243850708E-7;102000000766;false
"x_M01.04.26 MAP Месяцы Opex Ручной ввод (ЦФО) только PL";;"01 Настройки";"старый МК";;"YS Используемые";;"s cs Месяцы Импорт Расходы по ЦФО OPEX ручной ввод (ЦФО)";;"Custom Multicube";288;9.387731552124E-7;102000000563;false
"M01.04.27 MAP PL и CF";;"01 Настройки";;"'L BE', 'L PL конс'";;;;;"Custom Multicube";55488;0.00025838613510132;102000000194;false
"M01.04.28 MAP PL - Тип затрат";;"01 Настройки";;"'L PL конс', 'L Версии', 'L Тип затрат'";;;;;"Custom Multicube";487968;0.0022722780704498;102000000294;false
"M01.04.29 MAP Тип затрат - PL";;"01 Настройки";;"'L Версии', 'L Блоки PL', 'L Тип затрат'";;;;;"Custom Multicube";7176;5.3465366363525E-5;102000000293;false
"M01.04.30 MAP PL HR - PL конс";;"01 Настройки";;"'s PL 11 HR', 'S Версии/План'";;;;;"Custom Multicube";39;1.2107193470001E-7;102000000306;false
"M01.04.31 MAP Сделки - Проекты";;"01 Настройки";;"'s Сделки Активные', 'sL Проект 1С УХ_id'";;;;;"Custom Multicube";102797550;0.76590143144131;102000000517;false
"M01.04.32 MAP PL для налогов";;"01 Настройки";;"'L PL конс'";;;;;"Custom Multicube";2040;9.879469871521E-6;102000000496;false
"M01.04.33 MAP PL - ЕКДР";;"01 Настройки";;"'L ЕКДР'";;;;;"Custom Multicube";6640;2.5972723960876E-5;102000000518;false
"M01.04.34 MAP PL - Утилизация";;"01 Настройки";;"'L PL конс'";;;;;"Custom Multicube";816;3.7997961044312E-6;102000000589;false
"M01.04.35 MAP PL конс - PL расчетные статьи";;"01 Настройки";;;;;"cs PL общий (расчетные статьи) БЕ ТЕСТ";;"Custom Multicube";99;4.9173831939697E-7;102000000593;false
"M01.04.36 MAP Продукт - СуперПродукт";;"01 Настройки";;"'L Продукты'";;;;;"Custom Multicube";1731;1.2896955013275E-5;102000000607;false
"M01.04.37 MAP СуперПродукт - Продукт 1С";;"01 Настройки";;"'L Суперпродукты'";;;;;"Custom Multicube";154;1.1473894119263E-6;102000000608;false
"M01.04.38 MAP БК - статьи ЕКДР, PL и CF (Выручка и Себест)";;"01 Настройки";;"'L БизКат'";;;;;"Custom Multicube";3690;1.7412006855011E-5;102000000046;false
"M01.04.39 MAP БК - Вид Работ - статьи ЕКДР, PL и CF (Себест в импорте ТД)";;"01 Настройки";"ДС Из формы используем только меппинг для определения ЕКДР Себестоимости в импорте ТД. Для определения ЕКДР Выручки в импорте CRM нужна доп аналитика ВидРабот, которой нет, поэтому для импорта CRM используем MAP M01.04.38";"'L БизКат', 'L Виды работ'";;;;;"Custom Multicube";17630;8.0950558185577E-5;102000000645;false
"M01.04.40 MAP LAM_ExtraGap";;"01 Настройки";;"'S Версии/План'";;;"cs Планирование с БК и ЦК на NUM";;"Custom Multicube";12;8.9406967163086E-8;102000000673;false
"M01.04.41 MAP ЮЛ на версиях и месяцах";;"01 Настройки";;"'L Версии', 'L2 ЮЛ'";Months;;;;"Custom Multicube";1009125;0.0057642348110676;102000000473;false
"M01.04.42 MAP Продукт CRM - статьи ЕКДР, PL и CF (Выручка и Себест)";;"01 Настройки";"ДС Мэппинг статей выручки и себестоимости по Продукту. Используется только для БЕ Сервионика";"'s MAP статей выручки и себест по БК (БЕ Сервионика)'";;;;;"Custom Multicube";110;4.4703483581543E-7;102000000761;false
"M01.04.52 MAP Продукт CRM - Вид работ - статьи ЕКДР, PL и CF (Выручка и Себест)";;"01 Настройки";;"'L Виды работ', 's MAP статей выручки и себест по БК (БЕ Сервионика)'";;;;;"Custom Multicube";250;1.1175870895386E-6;102000000900;false
"M01.04.43 Мэппинг для определения БК для проектов 1С:УХ";;"01 Настройки";;"'s NUM Мэппинг для определения БК', 'S Версии/План'";;;;;"Custom Multicube";560;2.5331974029541E-6;102000000846;false
"M01.04.44 Мэппинг для определения БК для проектов 1С:УХ БЕ код";;"01 Настройки";;"'s NUM Мэппинг для определения БК', 'S Версии/План'";;;;;"Custom Multicube";640;3.129243850708E-6;102000000844;false
"M01.04.45 MAP Месяцы Свод по выручке";;"01 Настройки";"МН новый МК (создал 19.03.2026)";"'S Версии/План'";;;"cs M03.01.01 Свод по выручке";;"Custom Multicube";288;1.3411045074463E-6;102000000791;false
"M01.04.45b MAP Месяцы - Кубы Свод по выручке";;"01 Настройки";ГВ;"'s Все версии'";"MS План";;;;"Custom Multicube";144;1.072883605957E-6;102000000802;false
"M01.04.46 MAP Продукт 1С - Ресурс";;"01 Настройки";"МА для Ресурсной модели
";"'L Продукты 1С'";;;;;"Custom Multicube";210;1.1734664440155E-6;102000000798;false
"M01.04.47 MAP Месяцы План ТД CRM и EG";;"01 Настройки";"МН новый МК (создал 21.03.2026)";"'S Версии/План'";;;"cs M02.02.11 План ТД CRM и EG";;"Custom Multicube";144;6.7055225372314E-7;102000000799;false
"M01.04.47b MAP Месяцы - Кубы План ТД CRM и EG";;"01 Настройки";ГВ;"'S Версии/План'";"MS План";;;;"Custom Multicube";36;2.6822090148926E-7;102000000806;false
"M01.04.48 MAP Месяцы План ТД 1С:УХ";;"01 Настройки";"МН новый МК (создал 21.03.2026)";"'S Версии/План'";;;"cs M02.02.14 План ТД 1С:УХ";;"Custom Multicube";144;6.7055225372314E-7;102000000803;false
"M01.04.48b MAP Месяцы - Кубы План ТД 1С:УХ";;;;"'S Версии/Новый расчет'";"MS План";;;;"Custom Multicube";36;2.6822090148926E-7;102000000813;false
"M01.04.49 MAP Месяцы Перераспределение расходов по Мультикарте";;"01 Настройки";АК;"'S Версии/План'";;;"s cs Месяцы для перераспределения расходов по Мультикарте";;"Custom Multicube";96;3.129243850708E-7;102000000860;false
"M01.04.50 MAP Месяцы Расчет ФОТ по сделкам CRM";;"01 Настройки";;"'S Версии/План'";;;"cs M02.02.15 Расчет ФОТ по сделкам CRM";;"Custom Multicube";24;1.1175870895386E-7;102000000872;false
"M01.04.50b MAP Месяцы - Кубы Расчет ФОТ по сделкам CRM";;"01 Настройки";;"'S Версии/План'";"MS План";;;;"Custom Multicube";18;1.3411045074463E-7;102000000876;false
"M01.04.51 MAP PL конс - PL по БЕ и направлениям";;"01 Настройки";;;;;"cs PL по БЕ и направлениям (расчетные статьи)";;"Custom Multicube";99;4.9173831939697E-7;102000000895;false
"M01.04.52 MAP PL по БЕ и направлениям (расчетные статьи)";;"01 Настройки";;"'L PL конс'";;;;;"Custom Multicube";408;3.0398368835449E-6;102000000896;false
"M01.04.53 MAP Месяцы - Кубы Амортизация";;"01 Настройки";;"'s Все версии'";"MS План";;;;"Custom Multicube";36;2.6822090148926E-7;102000000913;false
"< - - - 02.01 Импорт факта- - - >";;;;;;;;;"Custom Multicube";0;0;102000000745;false
"M01.02.18 Настройка сделки PL";;"01 Настройки";;"'L BE', 'S Версии/План'";;;;;"Custom Multicube";119;2.2165477275848E-7;102000000626;false
"M01.02.19 Версия для экспорта из КХД";;"01 Настройки";;;;;;;"Custom Multicube";2;7.4505805969238E-9;102000000686;false
"M01.02.20 Настройка расчетных статей PL и CF на версиях";;"01 Настройки";ДГ;"'L Версии'";;;;;"Custom Multicube";39;0;102000000580;false
"M01.02.21 Распознование даты начала месяца";;"01 Настройки";;"'s NUM Месяцы'";;;;;"Custom Multicube";687;5.1185488700867E-6;102000000298;false
"M01.02.22 Блокировка Импорта Тех. слой";;;;;;;;;"Custom Multicube";3;5.5879354476929E-9;102000000769;false
"M01.02.24 Выбор месяцев для ресурсной модели";;;;"'S Версии/План'";"MS План";;;;"Custom Multicube";18;3.3527612686157E-8;102000000866;false
"M01.02.23 Настройки для Мультикарты";;"01 Настройки";АК;;;;;;"Custom Multicube";39;2.2351741790771E-7;102000000824;false
"M01.02.24 Договора для отчета для Мультикарты";;"01 Настройки";АК;;;;;;"Custom Multicube";6;0;102000000881;false
"M01.02.25 Статьи расходов для отчета Мультикарты";;"01 Настройки";АК;;;;;;"Custom Multicube";49;3.6507844924927E-7;102000000892;false
"< - - - 01.03 ML - - - >";;;;;;;;;"Custom Multicube";0;0;102000000716;false
"ML01.03.01 Scripts";;"01 Настройки";;"'List Scripts'";;;;;"Custom Multicube";7125;2.6542693376541E-6;102000000542;false
"ML01.03.02 Направления с версиями (для прогноза)";;"01 Настройки";;"'L Версии', 'L Направления'";;;;;"Custom Multicube";182;3.3900141716003E-7;102000000683;false
"ML01.03.03 Versions";;"01 Настройки";;"'L Версии'";;;;;"Custom Multicube";1638;7.2158873081207E-6;102000000127;false
"ML01.03.04 NUM для версий";;"01 Настройки";;NUM;;;;;"Custom Multicube";5495600;0.030709058046341;102000000138;false
"ML01.03.05 Versions Month Control";;"01 Настройки";;"'s Все версии'";"MS План";;;;"Custom Multicube";288;6.7055225372314E-7;102000000199;false
"ML01.03.06 Year Versions Control";;"01 Настройки";;"'L Версии'";Years;;;;"Custom Multicube";195;6.0535967350006E-7;102000000291;false
"ML01.03.07 PL на версиях";;"01 Настройки";;"'L PL конс', 'L Версии'";;;;;"Custom Multicube";21216;3.9517879486084E-5;102000000572;false
"ML01.03.08 Сделки old";;"01 Настройки";;"'L Сделки', 'S Версии/План'";;;;;"Custom Multicube";2105472;0.010662250220776;102000000076;false
"ML01.03.08 Сделки";;"01 Настройки";;"'s БЕ CRM', 'L Сделки', 'S Версии/План'";;;;;"Custom Multicube";2631840;0.010417141020298;102000000909;false
"ML01.03.09 Сделки Custom";;"01 Настройки";;"'S Версии/План', 's.Активные сделки custom'";;;;;"Custom Multicube";259299;0.0010687261819839;102000000351;false
"ML01.03.10 ЦК";;"01 Настройки";;"'s БЕ CRM', 'L ЦК'";;;;;"Custom Multicube";14630;4.9546360969543E-5;102000000248;false
"ML01.03.11 L2 ЦФО";;"01 Настройки";"!!! Необходима проверка МК: откуда подтягиваются данные в куб be_key? Ключи не совпадают с ключами 1С. Исправить формулу в кубе be_альтернативный";"'L2 ЦФО'";;;;;"Custom Multicube";28504;0.00010239332914352;102000000266;false
"ML01.03.12 Клиенты";;"01 Настройки";;"'L Клиент'";;;;;"Custom Multicube";89552;0.00031275674700737;102000000310;false
"ML01.03.13 Офисы на версиях";;"01 Настройки";;"'S Версии/План', 'L Офисы'";;;;;"Custom Multicube";954;5.330890417099E-6;102000000336;false
"ML01.03.14 Проект 1С УХ";;"01 Настройки";;"'L Проект 1С УХ'";;;;;"Custom Multicube";2296280;0.0045062880963087;102000000363;false
"ML01.03.15 BE";;"01 Настройки";;"'L BE', 'S Версии/План'";;;;;"Custom Multicube";85;3.4831464290619E-7;102000000671;false
"ML01.03.16 L PL";;"01 Настройки";;"'L PL конс', 'L Версии'";;;;;"Custom Multicube";10608;4.9397349357605E-5;102000000570;false
"ML01.03.17 Custom Months";;"01 Настройки";;"'L Custom Months'";;;;;"Custom Multicube";374;1.7415732145309E-6;102000000337;false
"ML01.03.18 L ЕКДР";;"01 Настройки";;"'S Версии/План', 'L ЕКДР'";;;;;"Custom Multicube";10624;4.5761466026306E-5;102000000767;false
"ML01.03.19 L Типы проектов";;"01 Настройки";;"'S Версии/План', 'L Типы проектов'";;;;;"Custom Multicube";94;1.7508864402771E-7;102000000768;false
"ML01.03.20 L Услуги Мультикарты";;"01 Настройки";АК;"'S Версии/План', 'L Услуги Мультикарты'";;;;;"Custom Multicube";30;2.2351741790771E-7;102000000789;false
"ML01.03.21 L Пакеты";;"01 Настройки";АБ;"'S Версии/План', 'L Пакеты'";;;;;"Custom Multicube";111;8.2701444625854E-7;102000000787;false
"ML01.03.22.1 L Проекты Мультикарты";;"01 Настройки";АБ;"'S Версии/План', 'L Проекты Мультикарты'";;;;;"Custom Multicube";44;3.2782554626465E-7;102000000788;false
"ML01.03.22.2 L Проекты Мультикарты по ФОТ";;"01 Настройки";АК;"'S Версии/План', 's ЦФО Мультикарта', 'L Проекты Мультикарты'";;;;;"Custom Multicube";220;1.6391277313232E-6;102000000828;false
"ML01.03.22.3 L Проекты Мультикарты Бэк-офис";;"01 Настройки";;"'S Версии/План', 'L Проекты Мультикарты'";;;;;"Custom Multicube";33;2.4586915969849E-7;102000000887;false
"ML01.03.23 L Тарифы Мультикарты";;"01 Настройки";;"'s NUM Тарифы'";;;;;"Custom Multicube";315000;0.00076834112405777;102000000793;false
"ML01.03.24 L Контрагенты 1СУХ";;"01 Настройки";АК;"'S Версии/План', 'L Контрагенты 1СУХ'";;;;;"Custom Multicube";321198;0.0015954077243805;102000000794;false
"ML01.03.25 Этапы договоров";;"01 Настройки";;"'S Версии/План', 'L Этапы договоров'";;;;;"Custom Multicube";5416;2.017617225647E-5;102000000795;false
"ML01.03.26 Проект 1С УХ-Продукт";;"01 Настройки";"МА для Ресурсной модели
";"'L Проект 1С УХ'";;;;;"Custom Multicube";82010;0.00030551105737686;102000000792;false
"ML01.03.27 Банки - Направления";;"01 Настройки";АК;"'S Версии/План', 'L Банки'";;;;;"Custom Multicube";483;2.1848827600479E-6;102000000797;false
"ML01.03.28 НМА";;;;"'S Версии/План', 'L НМА'";;;;;"Custom Multicube";4280;3.1888484954834E-5;102000000814;false
"ML01.03.29 L Тарифы";;"01 Настройки";АК;"'S Версии/План', 'L Тарифы'";;;;;"Custom Multicube";24918;0.00016244687139988;102000000841;false
"ML01.03.30 L Договоры";;"01 Настройки";АК;"'L Договоры_Биллинг (МК)'";;;;;"Custom Multicube";720;8.9406967163086E-7;102000000882;false
"ML01.03.31 L CF";;"01 Настройки";;"'L BE', 'L CF'";;;;;"Custom Multicube";8687;1.6180798411369E-5;102000000883;false
"ML01.03.32 L ЕКДР без версий";;"01 Настройки";МН;"'L ЕКДР'";;;;;"Custom Multicube";664;1.2367963790894E-6;102000000902;false
"< - - - 01.04 Меппинги - - - >";;;;;;;;;"Custom Multicube";0;0;102000000060;false
"M01.04.01 MAP Months - Months CF (Capex)";;;;"'S Версии/План'";;;"cs Ввод Capex (проекты) CF";;"Custom Multicube";12;8.9406967163086E-8;102000000251;false
"M01.04.02 MAP Months - Months PL (Capex)";;;;"'S Версии/План'";"MS План";;;;"Custom Multicube";18;1.3411045074463E-7;102000000463;false
"M01.04.03 MAP PL Виды начислений";;;;"'L PL конс'";;;;;"Custom Multicube";408;3.0398368835449E-6;102000000229;false
"M01.04.04 MAP Месяц (текст) - Month";;"01 Настройки";;"'s NUM Месяцы', 'S Версии/План'";;;;;"Custom Multicube";687;1.7061829566956E-6;102000000207;false
"M01.04.05 MAP Домен - БЕ - Контрагент";;"01 Настройки";;"'L BE', 'L Домены', 's Требуется указание БЕ и Домена?'";;;;;"Custom Multicube";16320;3.0398368835449E-5;102000000440;false
"M01.04.06 MAP ВГО обороты";;"01 Настройки";;"'S Версии/План', 'L2 ЮЛ', 'sL Контрагенты 1СУХ ВГО'";;;;;"Custom Multicube";10050;1.8719583749771E-5;102000000441;false
"M01.04.07 MAP Контрагент (дл передачи) - Контрагент 1С УХ";;"01 Настройки";;"'L Контрагент (для передачи)'";;;;;"Custom Multicube";35;2.6077032089233E-7;102000000442;false
"M01.04.08 MAP Домен - ЦФО - ЮЛ (месяц)";;"01 Настройки";;"'s Все версии', 'L2 ЦФО', 's L2 ЮЛ Т1И'";"MS План";;;;"Custom Multicube";1172736;0.0087375640869141;102000000398;false
"< - - - 07 Согласование- - - >";;;;;;;;;"Custom Multicube";0;0;102000000725;false
"M07.01 Согласование ЦСП (по БЕ)";;;;"'s БЕ Т1И', 'S Версии/ПланВвод', 'L1 ЦСП'";;;;;"Custom Multicube";7084;3.1553208827972E-5;102000000526;false
"M07.02 Согласование HR";;;;"'s БЕ HR', 'S Версии/План'";;;;;"Custom Multicube";150;8.1956386566162E-7;102000000198;false
"M07.03 Согласование CRM руч слой";;"07 Согласование";;"'s БЕ CRM', 'S Версии/План'";;;;;"Custom Multicube";150;6.8917870521545E-7;102000000755;false
"M07.15 Согласование 1С УХ";;"07 Согласование";;"'s БЕ CRM', 'S Версии/План'";;;;;"Custom Multicube";150;6.8917870521545E-7;102000000763;false
"M07.05 Блокировка импорта HR";;"07 Согласование";Согласование;;;;;;"Custom Multicube";5;2.2351741790771E-8;102000000186;false
"M07.06 Выбор источника формирования сводной Воронки";;"07 Согласование";АП;"'s БЕ CRM', 'S Версии/Новый расчет'";;;;;"Custom Multicube";50;1.4901161193848E-7;102000000715;false
"M07.10 Согласование данных планирования";;;;"'S Версии/План', 's Направления планирования'";;;;;"Custom Multicube";78;3.5762786865234E-7;102000000610;false
"M07.11 Настройка блокировки данных в модели";;"07 Согласование";Согласования;"'S Версии/План', 'L Блоки модели'";;;;;"Custom Multicube";78;1.9371509552002E-7;102000000136;false
"M07.12 Блокировка ввода по проектам ЦФО";;"07 Согласование";Согласование;"'s L Проект ЦФО Активные проекты', 'S Версии/План'";"YS Используемые";;;;"Custom Multicube";180;6.7055225372314E-7;102000000564;false
"M07.13 Блокировка ввода по ЦФО";;"07 Согласование";"Согласование. Ссылается на старый МК, есть TEXTSUM";"'S Версии/План', 'L2 ЦФО'";"YS Используемые";;;;"Custom Multicube";18324;6.2573701143265E-5;102000000565;false
"M07.14 Согласование CRM ВГО";;"07 Согласование";;"'s БЕ CRM', 'S Версии/План'";;;;;"Custom Multicube";150;6.8917870521545E-7;102000000762;false
"M07.16 Согласование ТД CRM и EG";;"07 Согласование";;"'s БЕ CRM', 'S Версии/План'";;;;;"Custom Multicube";150;6.8917870521545E-7;102000000770;false
"M07.17 Согласование ТД 1С УХ";;"07 Согласование";;"'s БЕ CRM', 'S Версии/План'";;;;;"Custom Multicube";150;6.8917870521545E-7;102000000771;false
"M07.21 Согласование Расходы ЦФО OPEX";;"07 Согласование";;"'S Версии/План', 'L2 ЦФО'";;;;;"Custom Multicube";13234;6.2573701143265E-5;102000000784;false
"M07.20 Согласование Доходы и Расходы";;"07 Согласование";;"'s БЕ CRM', 'S Версии/План'";;;;;"Custom Multicube";130;6.1467289924622E-7;102000000783;false
"M07.18 Согласование ТД";;"07 Согласование";;"'s БЕ CRM', 'S Версии/План', 's Сводный план ТД'";;;;;"Custom Multicube";420;1.8440186977386E-6;102000000772;false
"M07.19 Согласование Выручка";;"07 Согласование";;"'s БЕ CRM', 'S Версии/План', 's Свод по выручке'";;;;;"Custom Multicube";560;2.4586915969849E-6;102000000773;false
"ML Ком блок";;;Согласование;"'S Версии/План', 'L Ком блок'";;;;;"Custom Multicube";40;1.2665987014771E-7;102000000340;false
"ML Тех блок";;;Согласование;"'S Версии/План', 'L Тех блок'";;;;;"Custom Multicube";26;8.1956386566162E-8;102000000341;false
"Процесс бюджет ком блок";;;Согласование;"'S Версии/План', 'L Ком блок', 'L Процесс бюджетирования ком блок'";;;;;"Custom Multicube";56;3.2782554626465E-7;102000000342;false
"Процесс бюджет тех блок";;;Согласование;"'S Версии/План', 'L Тех блок', 'L Процесс бюджетирования тех блок'";;;;;"Custom Multicube";21;1.2293457984924E-7;102000000379;false
"Настройка доступов к Расходы ТД";;;Согласование;"Users, 's Все версии', 'L Тех блок'";;;;;"Custom Multicube";670;1.9967555999756E-6;102000000381;false
"< - - - 08 Cash pooling- - - >";;;;;;;;;"Custom Multicube";0;0;102000000832;false
"CALC Cash pooling прототип из УК";;;АП;"'L BE', 's Все версии'";"MS План";;;;"Custom Multicube";25704;0.00016985088586807;102000000833;false
Input_ставки;;;АП;"'S Версии/ПланВвод'";;;;;"Custom Multicube";5;3.7252902984619E-8;102000000834;false
"< - - - 09.01 HR - - - >";;;;;;;;;"Custom Multicube";0;0;102000000726;false
"< - - - 09.02 Передача/получение данных - - - >";;;;;;;;;"Custom Multicube";0;0;102000000727;false
"M09.02.01 Актуальные версии пакета данных по БЕ";;"09 Проверки";"2026-02-16 Новый МК на БЕ";"'L BE'";;;;;"Custom Multicube";34;2.5331974029541E-7;102000000703;false
"M09.02.02 Актуальные версии пакета данных";;"09 Проверки";"2026-02-16 Это старый МК. Есть новый на БЕ";;;;;;"Custom Multicube";2;1.4901161193848E-8;102000000396;false
"M09.02.03 Сверка источника и детализации PL";;"09 Проверки";"М.А. 05.02.2026";"'s БЕ Т1И', 's Все версии', 's.PL'";"MS План";;;;"Custom Multicube";99000;0.00066384673118591;102000000696;false
"M09.02.04 Сверка источника и детализации CF";;"09 Проверки";"М.А. 05.02.2026";"'s БЕ Т1И', 's Все версии', 's.CF'";"MS План";;;;"Custom Multicube";20196;0.00015047192573547;102000000699;false
"< - - - 09.03 Ошибки в модели - - - >";;;;;;;;;"Custom Multicube";0;0;102000000728;false
"M09.03.01 Проверка заполнения аналитик_ консо PL";;"09 Проверки";"МА 09.02.2026
";"'s БЕ Т1И', 'S Версии/План'";"MS План";;;;"Custom Multicube";3366;2.5078654289246E-5;102000000701;false
"M09.03.02 Проверка заполнения аналитик_ консо CF";;"09 Проверки";"МА 09.02.2026";"'s БЕ Т1И', 'S Версии/План'";"MS План";;;;"Custom Multicube";3168;2.3603439331055E-5;102000000704;false
"< - - - 10 Клауд_Модель планирования Тех Блока (стойки аренда лицензии) - - - >";;;;;;;;;"Custom Multicube";0;0;102000000836;false
"M10.01 Настройка Тарифов для Договоров (стойки)";;;АП;"'s БЕ Клауд', 's Все версии', 'L Договоры 1С:УХ (Клауд_С поставщиками)'";;;;;"Custom Multicube";118536;0.000712551176548;102000000837;false
"M10.02 Настройка назначений для расчета (стойки)";;;АП;"'s БЕ Клауд', 's NUM M10.03/04', 's Все версии'";;;;;"Custom Multicube";56;2.6077032089233E-7;102000000838;false
"M10.03 Таблица для ввода данных (стойки)";;;АП;"'s БЕ Клауд', 's NUM M10.03/04', 's Все версии', 'L Назначения для тех. блок клауд', 's L Договоры-проекты M10.03/04'";;;;;"Custom Multicube";3304;2.2009015083313E-5;102000000839;false
"M10.04 Сводная таблица по договорам (стойки)";;;АП;"'s БЕ Клауд', 's NUM M10.03/04', 'S Версии/План', 'L Назначения для тех. блок клауд', 's L Договоры-проекты M10.03/04'";;;;;"Custom Multicube";1400;9.9092721939087E-6;102000000840;false
"M10.04.01 Итого по договорам (стойки)";;;АП;"'s БЕ Клауд', 's Все версии', 'L Назначения для тех. блок клауд'";;;;;"Custom Multicube";400;2.9802322387695E-6;102000000864;false
"TCH для расчета ёмкости ввода данных (стойки)";;;АП;"'s БЕ Клауд', 's Все версии', 'sL Проект 1С УХ Итого по договору', 'L Назначения для тех. блок клауд', 'L Договоры 1С:УХ (Клауд_С поставщиками)'";;;;;"Custom Multicube";258624;0.0019268989562988;102000000851;false
"TCH для расчета ёмкости ввода данных 2 (стойки)";;;АП;"'s БЕ Клауд', 's Все версии', 'L Назначения для тех. блок клауд', 'L Договоры 1С:УХ (Клауд_С поставщиками)'";;;;;"Custom Multicube";517248;0.0038537979125977;102000000852;false
"M10.05 Настройка Тарифов для Участков (аренда каналов)";;;АП;"'s БЕ Клауд', 's Все версии', 'L Договоры 1С:УХ (Клауд_С поставщиками)'";;;;;"Custom Multicube";75432;0.00038136541843414;102000000857;false
"M10.06 Таблица для ввода данных (аренда каналов)";;;АП;"'s БЕ Клауд', 's Все версии', 's L Договоры-проекты M10.06'";;;;;"Custom Multicube";70;4.6566128730774E-7;102000000858;false
"M10.07 Планирование лицензий (лицензии)";;;АП;"'s БЕ Клауд', 's Все версии', 'L Договоры 1С:УХ (Клауд_С поставщиками)'";;;;;"Custom Multicube";215520;0.001425102353096;102000000859;false
"M10.08 Согласование Лицензий";;;АП;"'s БЕ Клауд', 'S Версии/План'";;;;;"Custom Multicube";14;6.8917870521545E-8;102000000869;false
"M10.09 Согласование стоек";;;АП;"'s БЕ Клауд', 'S Версии/План'";;;;;"Custom Multicube";14;6.8917870521545E-8;102000000873;false
"M10.10 Согласование аренды";;;АП;"'s БЕ Клауд', 'S Версии/План'";;;;;"Custom Multicube";14;6.8917870521545E-8;102000000880;false
"< - - - 11 Амотизация - - - >";;;АП;;;;;;"Custom Multicube";0;0;102000000911;false
"M11.01 DRILL OC и HMA (амортизация)";;"Выгрузка детализации";АП;"'s NUM План расходов ТД', 'L Версии'";;;;;"Custom Multicube";5148000;0.025570392608643;102000000908;false
"M11.02 DRILL OC и HMA (амортизация)(выборка)";;"Выгрузка детализации";АП;"'L BE', 's NUM План расходов ТД', 'L Версии'";;;"s cs M11.01 DRILL OC и HMA (амортизация)";;"Custom Multicube";29172000;0.21734833717346;102000000910;false
"M11.03 DRILL OC и HMA (амортизация)(на месяцах)";;"Выгрузка детализации";АП;"'L BE', 's NUM План расходов ТД', 'L Версии'";"MS План";;;;"Custom Multicube";656370000;3.5862475633621;102000000912;false
"M11.04 DRILL OC и HMA (амортизация)(на месяцах 2)";;"Выгрузка детализации";АП;"'L BE', 's NUM План расходов ТД', 'L Версии'";"MS План";;;;"Custom Multicube";43758000;0.32602250576019;102000000914;false
"< - - - 12 ССЧ - - - >";;;АП;;;;;;"Custom Multicube";0;0;102000000921;false
"M12.03 Выручка";;;АП;"'s.БЕ КОД'";"MS План";;;;"Custom Multicube";216;1.6093254089355E-6;102000000922;false
"< - - - 96 Архивация- - - >";;;;;;;;;"Custom Multicube";0;0;102000000730;false
"M96.01 Архивация данных PL";;"96 Архивация";;"'s NUM PL Архив', 'S Версии/Архив'";;;;;"Custom Multicube";10216485;0.025924500077963;102000000195;false
"M96.02 Архивация данных CF";;"96 Архивация";;"'s NUM CF Архив', 'S Версии/Архив'";;;;;"Custom Multicube";4001832;0.012699395418167;102000000196;false
"< - - - 98 Селектор- - - >";;;;;;;;;"Custom Multicube";0;0;102000000729;false
"M98.01 Селектор ДБ Корректировки фин блока";;;;;;;;;"Custom Multicube";13;8.1956386566162E-8;102000000214;false
"M98.02 Селектор для сравнения версия PL/CF";;"98 Селектор";;;;;;;"Custom Multicube";57;2.5145709514618E-7;102000000134;false
"M98.03 Селектор Импорт HR PL";;"98 Селектор";;;;;;;"Custom Multicube";6;4.4703483581543E-8;102000000587;false
"M98.04 Селектор справочника LAM";;"98 Селектор";;;;;;;"Custom Multicube";1;7.4505805969238E-9;102000000652;false
"< - - - 99 Фильтрация - - >";;;;;;;;;"Custom Multicube";0;0;102000000731;false
"M99.01 FILTER Ошибки Аллокации с HR";;;;"'L Версии', 'L Тех блок'";;;;;"Custom Multicube";13;2.4214386940002E-8;102000000573;false
"M99.02 FILTER L2 ЮЛ (в HR и ТД)";;"99 Фильтрация";;"'S Версии/ПланВвод', 'L2 ЮЛ'";;;;;"Custom Multicube";375;8.3819031715393E-7;102000000321;false
"M99.03 FILTER L2 ЮЛ";;"99 Фильтрация";;"'L2 ЮЛ'";;;;;"Custom Multicube";975;2.2351741790771E-6;102000000345;false
"M99.04 FILTER Капитализация по ЮЛ";;"99 Фильтрация";;"'s PL Амортизация 35', 's L2 ЮЛ амортизация 35 блок', 'L Active'";"MS План";;;;"Custom Multicube";5484024;0.010214790701866;102000000286;false
"M99.05 FILTER Отчет по БК и сегментам";;"99 Фильтрация";;"'L БизКат', 'Users1'";;;;;"Custom Multicube";1394;2.596527338028E-6;102000000468;false
"M99.06 FILTER Monthly БЕ/CS ДФМ";;"99 Фильтрация";;"'L БЕ-Домен'";;;"CS Monthly report PL BU, млн. руб. new";;"Custom Multicube";1512;2.8163194656372E-6;102000000476;false
"M99.07 FILTER Monthly по кварталам";;"99 Фильтрация";;;;;"CS Monthly report PL BU, млн. руб. new";;"Custom Multicube";294;5.476176738739E-7;102000000475;false
"M99.08 FILTER Monthly динамика выручки";;"99 Фильтрация";;;"MS План";;"CS Monthly report PL BU, млн. руб. new";;"Custom Multicube";756;1.4081597328186E-6;102000000474;false
"M99.09 FILTER СуперПродукты";;"99 Фильтрация";;"'L Суперпродукты'";;;;;"Custom Multicube";154;2.8684735298157E-7;102000000631;false
"M99.10 FILTER БизКат";;"99 Фильтрация";;"'L БизКат'";;;;;"Custom Multicube";82;1.5273690223694E-7;102000000647;false
"M99.11 FILTER БК (в L2 ЦФО)";;"99 Фильтрация";;"'L ЦК'";;;;;"Custom Multicube";266;4.9546360969543E-7;102000000649;false
"M99.12 FILTER Клиент - LAM";;"99 Фильтрация";;"'L LАМ', 'L Клиент_LAM'";;;;;"Custom Multicube";392418;0.00073093548417091;102000000646;false
"< - - - Загрузки - - - >";;;;;;;;;"Custom Multicube";0;0;102000000003;false
"Исходные данные CRM";;CRM;;"'s БЕ CRM', 's NUM импорт CRM NEW', 'S Версии/План', 'L Ком блок'";;;;;"Custom Multicube";1197357000;5.4335463792086;102000000002;false
"< - - - Доходная часть - - - >";;;;;;;;;"Custom Multicube";0;0;102000000018;false
"Воронка v1 сбор исходная custom";;Воронка;"2025-09-26_На БЕ. Новый.";"'s БЕ CRM', 'S Версии/План', 's.Активные сделки custom'";"MS План";;;;"Custom Multicube";7944480;0.048092678189278;102000000617;false
Планирование;;Планирование;;"'s Планирование', 'L Показатели планирования', 'S Версии/План', 's Направления планирования'";"MS План";;;;"Custom Multicube";45360;0.00033795833587646;102000000014;false
"Корректировки планирования (сумма)";;Планирование;"2025-10-09_Исправлены формулы на новые";"'s Планирование', 's.Показатели планирования корректировки', 'L Тип планирования', 'S Версии/План', 's Направления планирования'";"MS План";;;;"Custom Multicube";9072;6.7591667175293E-5;102000000129;false
"< - - - Расходная часть - - - >";;;;;;;;;"Custom Multicube";0;0;102000000017;false
"План расходов ТД";;;;"'s БЕ CRM', 's NUM План расходов ТД', 'S Версии/План', 'L Тех блок'";;;;;"Custom Multicube";21670000;0.10818243026733;102000000075;false
"План расходов ТД (проверка сумм)";;;;"'S Версии/План', 'L Тех блок'";;;;;"Custom Multicube";4;2.9802322387695E-8;102000000315;false
"План расходов ТД (проверка сумм) с ЦК";;;;"'s ЦК все f1', 'S Версии/План', 'L Тех блок'";;;;;"Custom Multicube";304;2.2649765014648E-6;102000000445;false
"< - - - Итоговые формы - - - >";;;;;;;;;"Custom Multicube";0;0;102000000077;false
"PL v1 направления tech";;;;"'s БЕ Т1И', 's Все версии', 'L Направления'";"MS План";;;;"Custom Multicube";171864;0.0012804865837097;102000000524;false
"Запросы SQL для DWH";;;17.02.2026;;;;;;"Custom Multicube";2;0;102000000711;false
"< - - - Расходы по ЦФО OPEX - - - >";;;;;;;;;"Custom Multicube";0;0;102000000061;false
"Расходы по ЦФО OPEX (выборка) CF ручной ввод";;;"МН старый МК 11.03.2026";"'s БЕ Т1И', 's NUM CSP manual', 'S Версии/План'";"YS Используемые";;"s cs Месяцы CF Импорт Расходы по ЦФО OPEX ручной ввод";;"Custom Multicube";2772000;0.020653009414673;102000000175;false
"Расходы по ЦФО OPEX (выборка) PL ручной ввод";;;"МН старый МК 11.03.2026";"'s БЕ Т1И', 's NUM CSP manual', 'S Версии/План'";"YS Используемые";;"s cs Месяцы PL Импорт Расходы по ЦФО OPEX ручной ввод";;"Custom Multicube";24948000;0.077448785305023;102000000176;false
"Расходы по ЦФО OPEX (выборка) PL ручной ввод (субаренда)";;;"МН старый МК 11.03.2026";"'s NUM CSP manual', 'S Версии/План'";"YS Используемые";;"s cs Месяцы PL Импорт Расходы по ЦФО OPEX ручной ввод (субаренда)";;"Custom Multicube";7308000;0.036612153053284;102000000333;false
"Расходы по ЦФО OPEX ручной ввод (Проекты)";;;"МН старый МК 11.03.2026";"'s NUM CSP manual', 's L Проект ЦФО Активные проекты', 'S Версии/План'";"MS План";;;;"Custom Multicube";83160000;0.37457048892975;102000000350;false
"Расходы по ЦФО OPEX CF ручной ввод";;;"МН старый МК 11.03.2026";"'s БЕ Т1И', 's NUM CSP manual', 'S Версии/План'";"MS План";;;;"Custom Multicube";38808000;0.2194382250309;102000000316;false
"< - - - Сегментация прочих прямых расходов - - - >";;;;;;;;;"Custom Multicube";0;0;102000000068;false
"Сводная информация по ошибкам";;;;"'S Версии/План'";;;;;"Custom Multicube";46;3.129243850708E-7;102000000275;false
"Ввод Capex (проекты)";;;;"'s БЕ Т1И', 's NUM capex проекты', 'S Версии/План', 'L2 ЦФО'";;;;;"Custom Multicube";79729760;0.50392687320709;102000000245;false
"Ввод Capex (проекты) расчет";;;;"'s БЕ Т1И', 's NUM capex проекты', 'S Версии/План', 'L2 ЦФО'";"MS План";;;;"Custom Multicube";645004800;3.2438206672668;102000000462;false
"Доли направлений";;;;"'s БЕ HR', 'S Версии/Новый расчет', 'L Направления'";"MS План";;;;"Custom Multicube";7560;5.6326389312744E-5;102000000636;false
"Сделки помесячно";;;;"'s Сделки Активные', 'S Версии/Новый расчет'";"MS План";;;;"Custom Multicube";4101300;0.023853220045567;102000000201;false
"Сделки помесячно с измерением показателей";;;"дэш корректировки фин блок";"'s Сделки Активные', 's.Показатели планирования корректировки', 'S Версии/Новый расчет'";"MS План";;;;"Custom Multicube";20590200;0.098219141364098;102000000213;false
"Сделки помесячно с ТД";;;;"'s Сделки Активные', 's NUM ЦК ТД', 'S Версии/ПланВвод'";"MS План";;;;"Custom Multicube";8286300;0.054877996444702;102000000208;false
"Сделки помесячно с ТД корректировки";;;"дэш корректировки фин блок с несколькими ЦК";"'s Сделки несколько ЦК', 's NUM ЦК ТД', 's.Показатели планирования корректировки', 'S Версии/ПланВвод'";"MS План";;;;"Custom Multicube";15803964;0.078313998878002;102000000218;false
"Сделки помесячно по ЦК";;;"2025-09-24 Хрипунова сказала, что корректировать сделки по ЦК не будут, надо вернуть назад Сделки помесячно с измерением показателей
2024-11-30 взамен Сделки помесячно с измерением показателей и Сделки помесячно с ТД корректировки
";"'s Сделки Активные', 's.Показатели планирования корректировки', 'L ЦК', 'S Версии/ПланВвод'";"MS Воронка";;;;"Custom Multicube";122453100;0.6324221380055;102000000553;false
"Сделки по годам и ЦК";;;2024-11-30;"'L Сделки', 'L ЦК', 'S Версии/ПланВвод'";"YS План";;;;"Custom Multicube";131263020;0.97798570990562;102000000554;false
"Сделки по годам";;;2024-11-30;"'L Сделки', 'S Версии/ПланВвод'";"YS План";;;;"Custom Multicube";592164;0.0044119656085968;102000000555;false
"Расходы ТД помесячно без ЦК и БК";;;;"'s Сделки Активные', 'S Версии/План'";"MS План";;;;"Custom Multicube";83700;0.00062361359596252;102000000360;false
"< - - - Новый расчет HR - - - >";;;;;;;;;"Custom Multicube";0;0;102000000403;false
"Корректировки ДЗИЛ";;;;"'s ЦК ДЗИЛ box-moving', 'sL Виды начислений с ДМС', 'S Версии/ПланВвод', 's L2 ЮЛ оба домена', 's Направления планирования ЗК1'";"MS План";;;;"Custom Multicube";65520;0.00042244791984558;102000000244;false
"Расходы по ЦФО OPEX по направлениям PL ручной ввод";;;;"'s БЕ Т1И', 's NUM CSP manual', 'S Версии/План', 'L Направления'";"MS План";;;;"Custom Multicube";543312000;2.6384219527245;102000000638;false
"ЦСПРаспределение АХО по блокам PL (Типы затрат)";;;;"'s БЕ ЦСП', 's NUM CSP', 'S Версии/ПланВвод', АХО, 'sЕсть импорт ЦСП (кор)', 'L Тип затрат'";"MS План";;;;"Custom Multicube";34901856;0.26003909111023;102000000547;false
"ЦСПРаспределение АХО по блокам PL";;;;"'s БЕ ЦСП', 's NUM CSP', 'S Версии/ПланВвод', 'L Блоки PL', 'sЕсть импорт ЦСП (кор)'";"MS План";;;;"Custom Multicube";63733824;0.30526328086853;102000000545;false
"ЦСПРаспределение АХО по блокам PL (направления)";;;;"'s БЕ ЦСП', 's NUM CSP', 'S Версии/ПланВвод', 's Блоки PL 11', 'sЕсть импорт ЦСП (кор)', 's Направления планирования'";"MS План";;;;"Custom Multicube";75114864;0.36038026213646;102000000546;false
"Детализация Capex";;;;"'s NUM форма opex', 'S Версии/План'";;;;;"Custom Multicube";5016;2.5304034352303E-5;102000000346;false
"Детализация Capex сравнение итогов";;;;"'S Версии/План', 'sL Домены Используемые'";;;;;"Custom Multicube";10;7.4505805969238E-8;102000000347;false
"Нормализация чистой прибыли (Исключаемые данные)";;;;"'s NUM PL Факт'";"MS Факт";;;;"Custom Multicube";66322764;0.19526622444391;102000000355;false
"Нормализация чистой прибыли (Количество строк)";;;;"'sL Домены Используемые'";"MS Факт";;;;"Custom Multicube";270;2.0116567611694E-6;102000000356;false
"Расчет налогов";;;;"'s Все версии', 'sL Домены Используемые'";"MS План";;;;"Custom Multicube";2700;1.4081597328186E-5;102000000390;false
"Расчет налогов (ЮЛ)";;;;"'s Все версии', 's L2 ЮЛ оба домена'";"MS План";;;;"Custom Multicube";21168;0.00012391805648804;102000000391;false
"< - - - Технические - - - >";;;;;;;;;"Custom Multicube";0;0;102000000004;false
"PL v1 ЮЛ БЕ";;;;"'s БЕ Т1И', 's Все версии', 's L2 ЮЛ оба домена'";"MS План";;;;"Custom Multicube";399168;0.0029740333557129;102000000581;false
"PL v1 ЮЛ БЕ (выборка)";;;;"'s БЕ Т1И', 's Все версии', 's L2 ЮЛ оба домена'";"MS План";;"cs PL v1 ЮЛ БЕ";;"Custom Multicube";321552;0.0023957490921021;102000000582;false
"Импорт Соответствие Домен - БЕ- Контрагент";;;;"'s NUM CSP'";;;;;"Custom Multicube";17244;7.137656211853E-5;102000000447;false
"ML ЮЛ Т1И";;;;"'s БЕ CRM', 'L ЮЛТ1Е'";;;;;"Custom Multicube";2340;1.0170042514801E-5;102000000311;false
"ML Создание юзеров";;;;"'NUM разбиение данных'";;;;;"Custom Multicube";40;5.5879354476929E-8;102000000313;false
"ML Users";;;;Users;;;;;"Custom Multicube";1273;3.8687139749527E-6;102000000312;false
"M Импорт проектов";;;;"'NUM1 Импорт'";;;;;"Custom Multicube";1900000;0.0044703483581543;102000000557;false
"Настройки проверок ком блок";;;;"'S Версии/План'";;;;;"Custom Multicube";5;9.3132257461548E-9;102000000359;false
"Настройки проверок тех блок";;;;"'S Версии/ПланВвод'";;;;;"Custom Multicube";7;1.3038516044617E-8;102000000364;false
"Исходные данные для плана расходов";;;;"'L Сделки', 'S Версии/План'";"MS План";;;;"Custom Multicube";4145148;0.023162819445133;102000000074;false
"Выбор периода для воронки";;;;"'S Версии/План'";;;;;"Custom Multicube";30;2.3096799850464E-7;102000000008;false
"REPORT Script Log";;;;"'s NUM Scripts Logging', 'List Scripts'";;;;;"Custom Multicube";292125;0.00090687535703182;102000000276;false
"REPORT Script Log ДБ детализация PL";;;;"'s NUM Scripts Logging'";;;;;"Custom Multicube";164;3.0547380447388E-7;102000000327;false
"REPORT Script Log ДБ детализация CF";;;;"'s NUM Scripts Logging'";;;;;"Custom Multicube";164;3.0547380447388E-7;102000000328;false
"REPORT Script Log ДБ выгрузка PL";;;;"'s NUM Scripts Logging'";;;;;"Custom Multicube";287;6.1094760894775E-7;102000000329;false
"REPORT Script Log ДБ выгрузка CF";;;;"'s NUM Scripts Logging'";;;;;"Custom Multicube";287;6.1094760894775E-7;102000000330;false
"REPORT Export Log PL";;;"2026_02_13_МК старый. Создал новый на БЕ.";"'s NUM Scripts Logging'";;;;;"Custom Multicube";246;3.0547380447388E-7;102000000394;false
"REPORT Export Log PL по БЕ";;;"2026_02_13_Новый на БЕ.";"'L BE', 's NUM Scripts Logging'";;;;;"Custom Multicube";5576;1.1684373021126E-5;102000000705;false
"REPORT Export Log CF";;;"2026_02_13_МК старый. Создал новый на БЕ.";"'s NUM Scripts Logging'";;;;;"Custom Multicube";246;3.0547380447388E-7;102000000395;false
"REPORT Export Log CF по БЕ";;;"2026_02_13_Новый на БЕ.";"'L BE', 's NUM Scripts Logging'";;;;;"Custom Multicube";5576;1.1684373021126E-5;102000000708;false
"< - - - Drill - - - >";;;;;;;;;"Custom Multicube";0;0;102000000163;false
Капитализация;;;;"'s NUM Капитализация'";"MS План";;;;"Custom Multicube";1080288;0.0057850554585457;102000000146;false
"Капитализация по ЮЛ";;;;"'s PL Амортизация 35', 's L2 ЮЛ амортизация 35 блок', 'L Active'";"MS План";;;;"Custom Multicube";5484024;0.040859162807465;102000000284;false
"Импорт Расходы ЦСП";;ЦСП;;"'s БЕ ЦСП', 's NUM CSP', 'S Версии/План', 'L1 ЦСП'";;;;;"Custom Multicube";71405488;0.33415651321411;102000000535;false
"Импорт Расходы ЦСП (корректировки)";;ЦСП;;"'s БЕ ЦСП', 's NUM CSP', 'S Версии/План', 'L1 ЦСП', 'NUM разбиение данных'";;;;;"Custom Multicube";672745920;3.5614049434662;102000000536;false
"Расходы ЦСП (корректировки) СF и PL";;ЦСП;;"'s БЕ ЦСП', 's NUM CSP', 'S Версии/План', 'L1 ЦСП', 'sЕсть импорт ЦСП (кор)'";"MS План";;;;"Custom Multicube";74356128;0.43528282642365;102000000539;false
"Расходы ЦСП (корректировки) с сегментами";;ЦСП;;"'s БЕ ЦСП', 's NUM CSP', 'S Версии/План', 'L1 ЦСП', 'sЕсть импорт ЦСП (кор)', 's Направления планирования'";"MS План";;;;"Custom Multicube";191201472;1.0684214830399;102000000537;false
"Импорт Расходы по ЦФО OPEX ручной ввод";;;"МН старый МК 11.03.2026";"'s БЕ Т1И', 's NUM CSP manual', 'S Версии/План'";"YS Используемые";;;;"Custom Multicube";26796000;0.14672242105007;102000000174;false
"Импорт Расходы по ЦФО OPEX ручной ввод (ЦФО)";;;"МН старый МК 11.03.2026";"'s NUM CSP manual ЦФО', 'S Версии/План', 'L2 ЦФО'";"YS Используемые";;;;"Custom Multicube";90856500;0.48067979514599;102000000438;false
"Импорт Расходы по ЦФО OPEX ручной ввод (субаренда)";;;"МН старый МК 11.03.2026";"'s NUM CSP manual', 'S Версии/План'";"YS Используемые";;;;"Custom Multicube";2100000;0.012204051017761;102000000332;false
"Импорт Расходы по ЦФО OPEX ручной ввод (Проекты)";;;"МН старый МК 11.03.2026";"'s NUM CSP manual', 's L Проект ЦФО Активные проекты', 'S Версии/План'";"YS Используемые";;;;"Custom Multicube";27972000;0.16710162162781;102000000348;false
"Импорт HR PL";;;;"'s БЕ HR', 's NUM HR PL', 'S Версии/План'";;;;;"Custom Multicube";48477000;0.16669929027557;102000000169;false
"Импорт HR PL (направления)";;;;"'s БЕ HR', 's NUM HR PL', 'S Версии/План', 's Направления планирования'";;;;;"Custom Multicube";89496000;0.5487184971571;102000000242;false
"Импорт HR CF";;;;"'s БЕ HR', 's NUM HR CF', 'S Версии/План'";;;;;"Custom Multicube";24706500;0.084958970546722;102000000170;false
"Импорт HR CF по направлениям";;;;"'s БЕ HR', 's NUM HR CF', 'S Версии/План', 'L Направления'";;;;;"Custom Multicube";97559000;0.61123259365559;102000000635;false
"Импорт справочников";;;;"'s NUM Загрузка справочников'";;;;;"Custom Multicube";760;1.6391277313232E-6;102000000197;false
"Меппинг Проекты - Направления";;;;"'L Проект ЦФО', 'S Версии/План', 's Направления планирования'";;;;;"Custom Multicube";270;2.0116567611694E-6;102000000634;false
"Ввод сделки";;;;"'s NUM 10'";;;;;"Custom Multicube";494;2.7362257242203E-6;102000000280;false
"Отчет по БК и сегментам (расчет)";;;;"'L БизКат', 'L Версии', 'L Направления'";"YS План";;;;"Custom Multicube";492492;0.0033357739448547;102000000465;false
"< - - - Налоги - - - >";;;;;;;;;"Custom Multicube";0;0;102000000486;false
"Форма НДС БЕ";;;ДГ;"'s БЕ Т1И', 'S Версии/План', 's L2 ЮЛ оба домена'";"MS План";;;;"Custom Multicube";205128;0.0015283226966858;102000000583;false
"Форма НДС Расчет БЕ";;;ДГ;"'s БЕ Т1И', 'S Версии/План', 's L2 ЮЛ оба домена'";"MS План";;;;"Custom Multicube";282744;0.0018071383237839;102000000584;false
"НИ Параметры амортизации (среднегодовая стоимость)";;;;"'s Среднегодовая стоимость'";;;;;"Custom Multicube";84;5.6065618991852E-7;102000000506;false
"НИ Остаточная сумма по месяцам (среднегодовая стоимость)";;;;"'S Версии/План', 's L2 ЮЛ для налогов', 's Среднегодовая стоимость'";"MS для налогов на имущество";;;;"Custom Multicube";1008;7.5101852416992E-6;102000000508;false
"НИ Форма среднегодовой стоимости";;;;"'S Версии/План', 's L2 ЮЛ для налогов', 's Среднегодовая стоимость'";;;;;"Custom Multicube";70;4.4330954551697E-7;102000000509;false
"НИ Форма кадастровой стоимости";;;;"'S Версии/План', 's L2 ЮЛ для налогов', 's Кадастровая стоимость'";;;;;"Custom Multicube";130;8.3819031715393E-7;102000000513;false
"НИ Форма кадастровой стоимости (Months)";;;;"'S Версии/План', 's L2 ЮЛ для налогов', 's Кадастровая стоимость'";"MS План";;;;"Custom Multicube";2340;1.5757977962494E-5;102000000533;false
"НИ Авансовые платежи по налогу на имущество (среднегодовая стоимость)";;;;"'S Версии/План', 's L2 ЮЛ для налогов', 's Среднегодовая стоимость'";;;;;"Custom Multicube";84;5.476176738739E-7;102000000510;false
"НИ Авансовые платежи по налогу на имущество (среднегодовая стоимость) (Months)";;;;"'S Версии/План', 's L2 ЮЛ для налогов', 's Среднегодовая стоимость'";"MS План";;;;"Custom Multicube";3276;2.2061169147491E-5;102000000534;false
"Приемник для налога на прибыль";;;;"'s БЕ Т1И', 'NUM2 Импорт', 'S Версии/План'";;;;;"Custom Multicube";3190000;0.017415732145309;102000000511;false
"НИ Приемник для кадастровой стоимости";;;;"'NUM2 Импорт', 'S Версии/План'";;;;;"Custom Multicube";170000;0.00070780515670776;102000000512;false
"< - - - Контрольные отчеты - - - >";;;;;;;;;"Custom Multicube";0;0;102000000531;false
"INPUT налоги Q3 и Q4 по БЕ";;;;"'S Версии/План', 's L2 ЮЛ оба домена', 'L BE tech'";Years;;;;"Custom Multicube";2380;1.7732381820679E-5;102000000687;false
"M Скрипты";;;;;;;;;"Custom Multicube";2;0;102000000574;false
"TECH Доступность кнопок";;;ДГ;;;;;;"Custom Multicube";1;1.862645149231E-9;102000000576;false
"Флаги запуска скриптов";;;"ДС для проверки новых элементов в справочнике L Проект 1С УХ";;;;;;"Custom Multicube";2;1.4901161193848E-8;102000000585;false
"PL по БЕ и направлениям (расчетные статьи)";;;;"'s БЕ Т1И', 's Все версии', 's Направления планирования'";"MS План";;;;"Custom Multicube";78408;0.0005841851234436;102000000885;false
"PL по БЕ и направлениям (расчетные статьи) выборка";;;;"'s БЕ Т1И', 's Все версии', 's Направления планирования'";"MS План";;"cs PL по БЕ и направлениям (расчетные статьи)";;"Custom Multicube";78408;0.0005841851234436;102000000886;false
"PL общий (расчетные статьи) на БЕ ТЕСТ";;;;"'s БЕ Т1И', 's Все версии'";"MS План";;;;"Custom Multicube";13860;0.00010326504707336;102000000591;false
"PL общий (расчетные статьи) выборка БЕ ТЕСТ";;;;"'s БЕ Т1И', 's Все версии'";"MS План";;"cs PL общий (расчетные статьи) БЕ ТЕСТ";;"Custom Multicube";13068;9.7364187240601E-5;102000000592;false
"Нормализация чистой прибыли (Количество строк) БЕ ТЕСТ";;;;"'s БЕ Т1И'";"MS Факт";;;;"Custom Multicube";594;4.4256448745728E-6;102000000595;false
"CF расчетные статьи БЕ ТЕСТ";;;;"'s БЕ HR', 's Все версии'";"MS План";;;;"Custom Multicube";6840;5.0961971282959E-5;102000000601;false
"CF расчетные статьи выборка БЕ ТЕСТ";;;;"'L BE', 's Все версии'";"MS План";;"cs CF расчетные статьи БЕ ТЕСТ";;"Custom Multicube";11628;8.663535118103E-5;102000000603;false
"МК Аллокация HR и ТД";;;;"'s БЕ HR', 's NUM Аллокация HR и ТД', 'S Версии/План'";;;;;"Custom Multicube";231768000;0.92294812202454;102000000605;false
"Проверка данных аллокации HR и ТД";;;;"'s БЕ HR', 'S Версии/План'";"MS План";;;;"Custom Multicube";1080;8.0466270446777E-6;102000000662;false
"Планирование с БК Свод на NUM";;Планирование;"2025-10-07_Новый МК";"Users, 's Планирование', 's БизКат Активные', 's.Показатели планирования корректировки', 'S Версии/Новый расчет'";;;;;"Custom Multicube";1238160;0.0087925884872675;102000000613;false
"Планирование с БК и ЦК на NUM";;Планирование;"2025-10-07_Новый МК";"'s Планирование', 's NUM ExtraGap', 's.Показатели планирования корректировки', 'S Версии/Новый расчет'";;;;;"Custom Multicube";326340;0.0022143311798573;102000000612;false
"Планирование с БК Проверка на NUM";;Планирование;"2025-10-07_Новый МК";"Users, 's Планирование', 's БизКат Активные', 's.Показатели планирования корректировки', 'S Версии/Новый расчет'";;;;;"Custom Multicube";1238160;0.0087925884872675;102000000616;false
"Корректировки планирования на NUM";;Планирование;"2025-10-09_Новый МК";"'s Планирование', 's NUM ExtraGap', 's.Показатели планирования корректировки', 'L Тип планирования', 'S Версии/План'";;;;;"Custom Multicube";777000;0.0051523000001907;102000000633;false
"Свод данных по БК и ЦК new";;Планирование;"2025-10-13_Новый МК";"'s Планирование', 's NUM ExtraGap', 'S Версии/Новый расчет'";"MS План";;;;"Custom Multicube";2004660;0.011809766292572;102000000643;false
"< - - - LAM - - - >";;LAM;;;;;;;"Custom Multicube";0;0;102000000644;false
"Выбор периода для LAM";;LAM;;"'S Версии/План'";;;;;"Custom Multicube";13;9.685754776001E-8;102000000653;false
"M05.04.02 REPORT LAM_цель по клиентам c ExtraGap";;"05 Отчеты";;"'S Версии/План', 'L LАМ', 's.Сlient'";"MS План";;;;"Custom Multicube";1040256;0.0077505111694336;102000000677;false
"M05.04.03 REPORT LAM_ по клиентам для руководителей";;"05 Отчеты";;"'S Версии/План', 's.Сlient'";"MS План";;;;"Custom Multicube";27216;0.00018024444580078;102000000679;false
"M05.04.04 REPORT LAM_ по БЕ для руководителей";;"05 Отчеты";;"'s БЕ LAM', 'S Версии/План'";"MS План";;;;"Custom Multicube";1872;1.3947486877441E-5;102000000680;false
"M05.04.05 REPORT LAM_по аккаунту для руководителей";;"05 Отчеты";;"'S Версии/План', 'L LАМ'";"MS План";;;;"Custom Multicube";6192;4.6133995056152E-5;102000000667;false
"M05.04.06 REPORT LAM_цель по аккаунту";;"05 Отчеты";;"'s БЕ LAM', 'S Версии/План', 's Направление LAM', 'L LАМ', 's.Сlient'";"MS План";;;;"Custom Multicube";92972880;0.5195264518261;102000000650;false
"M05.04.07 REPORT LAM_цель по аккаунту для выгрузки";;"05 Отчеты";;"'s БЕ LAM', 'S Версии/План', 's Направление LAM', 's Все LAM без total', 's.Сlient'";"MS План";;;;"Custom Multicube";84520800;0.5195264518261;102000000689;false
"M05.04.08 REPORT LAM_Выручка";;"05 Отчеты";;"'S Версии/План', 's.Активные сделки custom LAM'";;;;;"Custom Multicube";216411;0.0013023130595684;102000000654;false
"M05.04.09 REPORT LAM_Себестоимость";;"05 Отчеты";;"'S Версии/План', 's.Активные сделки custom LAM'";;;;;"Custom Multicube";194215;0.0011782832443714;102000000655;false
"M05.04.10 REPORT LAM_GM1";;"05 Отчеты";;"'S Версии/План', 's.Активные сделки custom LAM'";;;;;"Custom Multicube";188666;0.0011782832443714;102000000656;false
"M05.04.11 REPORT LAM_GM1, %";;"05 Отчеты";;"'S Версии/План', 's.Активные сделки custom LAM'";;;;;"Custom Multicube";188666;0.0011782832443714;102000000657;false
"M05.04.12 REPORT LAM_источник ExtraGap";;"05 Отчеты";;"'s БЕ LAM', 's Сделки Extra-Gap', 's NUM ExtraGap', 'S Версии/План'";"MS План";;;;"Custom Multicube";1212120;0.0072570517659187;102000000672;false
"M05.04.13 REPORT LAM ExtraGap";;"05 Отчеты";;"'s БЕ LAM', 's Сделки Extra-Gap', 's NUM ExtraGap', 'S Версии/План', 'L ExtraGap_LAM'";;;;;"Custom Multicube";615680;0.004049614071846;102000000678;false
"M05.04.14 REPORT LAM ExtraGap_Выручка";;"05 Отчеты";;"'s БЕ LAM', 's Сделки Extra-Gap', 's NUM ExtraGap', 'S Версии/План'";;;;;"Custom Multicube";144300;0.0009765662252903;102000000660;false
"M05.04.15 REPORT LAM ExtraGap_Себестоимость";;"05 Отчеты";;"'s БЕ LAM', 's Сделки Extra-Gap', 's NUM ExtraGap', 'S Версии/План'";;;;;"Custom Multicube";129870;0.00086905434727669;102000000674;false
"M05.04.16 REPORT LAM ExtraGap_GM1";;"05 Отчеты";;"'s БЕ LAM', 's Сделки Extra-Gap', 's NUM ExtraGap', 'S Версии/План'";;;;;"Custom Multicube";129870;0.00086905434727669;102000000675;false
"M05.04.17 REPORT LAM ExtraGap_GM1, %";;"05 Отчеты";;"'s БЕ LAM', 's Сделки Extra-Gap', 's NUM ExtraGap', 'S Версии/План'";;;;;"Custom Multicube";129870;0.00086905434727669;102000000676;false
"Форма LAM_источник CRM и ручной ввод_old";;LAM;;"'s Сделки Активные', 'S Версии/План'";"MS План";;;;"Custom Multicube";2092500;0.010133720934391;102000000648;false
"Форма LAM_источник CRM и ручной ввод";;LAM;;"'s БЕ LAM', 's Сделки Активные LAM', 's NUM 10', 'S Версии/План'";"MS План";;;;"Custom Multicube";355990050;0.58351316303015;102000000916;false
"Форма LAM_Сделки Custom";;LAM;;"'S Версии/План', 's.Активные сделки custom LAM'";"MS План";;;;"Custom Multicube";2397168;0.014511488378048;102000000915;false
"Импорт LAM_цель по аккаунту";;LAM;;"'s.NUM Импорт целей LAM', 'S Версии/План'";;;;;"Custom Multicube";7560;3.0845403671265E-5;102000000651;false
"M Импорт LAM&KeyClients";;LAM;;"'s.NUM список LAM и KeyClient'";;;;;"Custom Multicube";290000;0.0005774199962616;102000000661;false
"Импорт LAM_данные CRM по БЕ";;LAM;;"'s.NUM Импорт целей LAM', 'S Версии/План'";;;;;"Custom Multicube";16200;4.6268105506897E-5;102000000681;false
"Контроль передачи данных (БЕ)_ЦСП";;;;"'s БЕ ЦСП', 'S Версии/План', 'L1 ЦСП'";;;;;"Custom Multicube";5544;2.6963651180267E-5;102000000663;false
"Контроль передачи данных (БЕ)_HR";;;;"'s БЕ HR', 'S Версии/План'";;;;;"Custom Multicube";200;1.024454832077E-6;102000000664;false
"Аллокация МВЗ по ЮЛ";;;;"'L BE', 'S Версии/План', 'L2 ЦФО', 'L2 ЮЛ', 'L Расчет неутиля'";;;;;"Custom Multicube";44130300;0.32879635691643;102000000685;false
"Аллокация МВЗ по ЮЛ. Расчет";;;;"'L BE', 'S Версии/План', 'L2 ЦФО', 'L2 ЮЛ'";;;;;"Custom Multicube";2595900;0.012088101357222;102000000861;false
"Воронка ТД";;Воронка;"2025-09-26_На БЕ. Новый.
Отчет. Используется для выгрузки ТД в Excel.";"'s БЕ CRM', 'S Версии/План', 's.Активные сделки custom'";;;;;"Custom Multicube";2924010;0.012639742344618;102000000694;false
"тех.МК на пользователях";;;"МН для согласования/обновления по отдельному БЕ";"Users, 's NUM 10'";;;;;"Custom Multicube";4355;1.9468367099762E-5;102000000695;false
"тех.МК на пользователях без нумератора";;;"МН для согласования/обновления по отдельному БЕ";Users;;;;;"Custom Multicube";201;0;102000000698;false
x_Тест_логирование;;;"МН 11.02.2026";;;;;;"Custom Multicube";14;2.2351741790771E-8;102000000707;false
Multicube_Test;;;"МН 04.03.2026";"'s NUM План расходов ТД'";;;;;"Custom Multicube";22000;0;102000000758;false
"REPORT Script Log по БЕ";;;;"'L BE', 's NUM Scripts Logging', 's List Scripts по БЕ'";;;;;"Custom Multicube";759730;0.0011320859193802;102000000743;false
"REPORT Script Log по ЦФО";;;;"'s NUM Scripts Logging', 'L2 ЦФО', 's List Scripts по ЦФО'";;;;;"Custom Multicube";834760;0.0012438893318176;102000000847;false
"x DEL Планируемый объем выручки";;;;"'s.БЕ Мультикарта', 'S Версии/План', 's ЦФО доходное Мультикарта', 'L Этапы договоров', 'L Банки'";"MS План";;;;"Custom Multicube";110990088;0.82694059610367;102000000780;false
"Капитализируемые расходы";;;;"'s БЕ Капитализация', 's PL Капитализация', 'S Версии/План', 'L2 ЦФО', 's L2 ЮЛ оба домена'";"MS План";;;;"Custom Multicube";71830080;0.53517580032349;102000000808;false
"INPUT новый НМА";;;;"'s БЕ Капитализация', 's NUM 10', 'S Версии/План'";;;;;"Custom Multicube";1690;9.2014670372009E-6;102000000809;false
"Капитализация НМА";;;;"'s БЕ Капитализация', 'S Версии/План', 's L2 ЮЛ оба домена', 's НМА Капитализация'";"MS План";;;;"Custom Multicube";6728400;0.044281929731369;102000000810;false
"Капитализация МВЗ";;;;"'s БЕ Капитализация', 'S Версии/План', 's МВЗ Капитализация', 's L2 ЮЛ оба домена'";"MS План";;;;"Custom Multicube";120960;0.00090122222900391;102000000842;false
"CALC Параметры НМА";;;;"'s БЕ Капитализация', 'S Версии/План', 's L2 ЮЛ оба домена', 's НМА Капитализация'";;;;;"Custom Multicube";299040;0.0023208558559418;102000000817;false
"M05.05.01 REPORT Отчет по валовой прибыли БЕ по сделкам воронки, суммы";;"05 Отчеты";;"'s Планирование', 'S Версии/План', 's.Активные сделки custom', 's Направления планирования'";;;;;"Custom Multicube";1853712;0.012084826827049;102000000829;false
"M05.05.02 REPORT Отчет по валовой прибыли БЕ по сделкам воронки, себестоимость";;"05 Отчеты";;"'s Планирование', 'S Версии/План', 's.Активные сделки custom', 's Направления планирования', 's. Источники данных Актуальные'";;;;;"Custom Multicube";7646562;0.056971326470375;102000000831;false
"M03.03.01 Статья ЕКДР - База распределения";;"03 Расчеты";;"'s Планирование', 'S Версии/План', 's ЕКДР 11 и 16 пресеил'";;;;;"Custom Multicube";833;6.2063336372375E-6;102000000867;false
"M03.03.02 База распределения";;"03 Расчеты";;"'s Планирование', 'S Версии/План', 's Направления Агрегированный PL', 'L Базы распределения'";"MS План";;;;"Custom Multicube";12600;7.9795718193054E-5;102000000868;false
"M03.03.03 База распределения (без направлений)";;"03 Расчеты";;"'s Планирование', 'S Версии/План', 'L Базы распределения'";"MS План";;;;"Custom Multicube";504;3.7550926208496E-6;102000000884;false
test_nugaev_150426;;;;"'s NUM PL Факт', 's test'";;;;;"Custom Multicube";0;0;102000000898;false
"MAP Статьи PL для ставки";;;"КИМ del сам";"'L PL конс'";;;;;"Custom Multicube";10200;2.2798776626587E-5;102000000923;false
"MAP Тип МВЗ для ставки";;;"КИМ del сам";"'s МВЗ для ставки'";;;;;"Custom Multicube";42;3.129243850708E-7;102000000926;false
"тест обновление справочника договоры - проекты";;;;"'s NUM 10'";;;;;"Custom Multicube";286;0;102000000907;false
